1,1,300,859.8621689653146,5.018203442135617,">PROP
PAIR;AUDUSD
TF;240
VERS;0.0
>PREP
O;0.036300
H;0.034400
L;0.045800
C;0.036300
P;0.627450
>NEUR
0;0;0
1;1;1
2;1;2
3;1;3
4;1;4
5;1;5
6;1;6
7;1;7
8;1;8
9;1;9
10;2;1
11;2;2
12;2;3
>LINK
0;10;-1.81552929397
1;10;2.2945301833
2;10;-0.237209516893
3;10;-2.06519529185
4;10;2.01544163163
5;10;2.29802731373
6;10;2.67306352123
7;10;1.69649652944
8;10;-1.27030237925
9;10;2.82472659911
0;11;-1.49245448945
1;11;1.70001384334
2;11;-2.69775990067
3;11;2.37380698398
4;11;0.199487453069
5;11;-1.65629006489
6;11;-2.86114360143
7;11;2.45946600856
8;11;-0.98477394667
9;11;1.20512162156
0;12;-0.340842753143
1;12;1.62771860606
2;12;-0.109872708614
3;12;-1.87001400257
4;12;2.25227703203
5;12;0.953018870707
6;12;-0.0412767031303
7;12;-0.893880150272
8;12;0.639719821236
9;12;-2.61581294285
","{'t*p2/d': 1072.076027585953, 'prof/dd': 859.8620689653146, 'profit': 0.2493599999999997, 'confirmfactor': 0.0, 'trades': 5, 'winratio': 0.8, 'drawdown': 0.000290000000000068, 'fitness': 0.0, 'p2/dd': 214.4152055171906}"
2,1,300,92.70185438596471,1.701548261649617,">PROP
PAIR;AUDUSD
TF;240
VERS;0.0
>PREP
O;0.036300
H;0.034400
L;0.045800
C;0.036300
P;0.627450
>NEUR
0;0;0
1;1;1
2;1;2
3;1;3
4;1;4
5;1;5
6;1;6
7;1;7
8;1;8
9;1;9
10;2;1
11;2;2
12;2;3
145;3;0
>LINK
0;10;0.294075928428
1;10;0.781676503614
2;10;-0.758363361633
3;10;-0.224261174522
4;10;-0.991187858268
5;10;1.44818075865
6;10;-2.83747418414
7;10;1.56055590007
8;10;-0.120349661074
9;10;1.09713009494
0;11;-0.527889419516
1;11;2.69479199475
2;11;2.17481062154
3;11;-2.33600589053
4;11;1.01035335171
5;11;2.75561002555
6;11;1.85405119757
7;11;2.28395503393
8;11;0.808600380329
9;11;-2.28345410789
0;12;1.9734010802
1;12;-2.62030018213
3;12;-3.13274811205
4;12;2.62711094247
5;12;3.18609557072
6;12;-1.36877965416
7;12;-0.394073952055
8;12;-0.063692811296
9;12;0.756782962216
2;145;1.0
145;12;-1.51021188165
","{'t*p2/d': 58.78032842105249, 'prof/dd': 92.7017543859647, 'profit': 0.21135999999999994, 'confirmfactor': 0.1194684071793928, 'trades': 3, 'winratio': 0.6666666666666666, 'drawdown': 0.0022800000000000042, 'fitness': 11.074942886067213, 'p2/dd': 19.593442807017496}"
3,1,292,155.625906451602,1.5212931728874592,">PROP
PAIR;AUDUSD
TF;240
VERS;0.0
>PREP
O;0.036300
H;0.034400
L;0.045800
C;0.036300
P;0.627450
>NEUR
0;0;0
1;1;1
2;1;2
3;1;3
4;1;4
5;1;5
6;1;6
7;1;7
8;1;8
9;1;9
10;2;1
11;2;2
12;2;3
50;3;0
114;3;0
127;3;0
175;3;0
47;3;0
86;3;0
181;3;0
>LINK
0;10;3.70216309468
1;10;-1.4322222594
2;10;-2.32042589116
3;10;-2.64583389065
4;10;2.51881537272
6;10;2.46532437885
7;10;2.42268182351
8;10;-1.57399779386
9;10;-0.740028009166
0;11;-1.03656196066
2;11;1.35347326725
3;11;0.359205505387
4;11;0.200235107143
5;11;-1.17856177128
6;11;-1.02665133783
7;11;1.49363555916
8;11;2.82940437894
9;11;-1.0427602683
0;12;-0.73865513399
2;12;1.35588774087
3;12;0.234642591708
5;12;3.15717835076
6;12;1.69025535403
7;12;3.15270480704
9;12;-0.807489690262
1;50;1.62615992614
50;12;1.91507969529
1;114;0.563312739897
114;11;-0.19227954322
8;127;1.45888103291
127;12;1.32277556673
10;175;0.999718125254
175;11;2.2962846294
50;114;-2.78919962184
127;127;-0.986807347361
47;12;2.58150832234
5;86;1.0
86;10;3.09937836081
4;181;1.0
181;47;1.0
","{'t*p2/d': 225.24034219353234, 'prof/dd': 155.625806451602, 'profit': 0.2412199999999997, 'confirmfactor': 0.09087732597393001, 'trades': 6, 'winratio': 0.6666666666666666, 'drawdown': 0.0015500000000001068, 'fitness': 14.142866230590572, 'p2/dd': 37.54005703225539}"
3,2,3,0.06403817959999988,0.021346059866666628,">PROP
PAIR;AUDUSD
TF;240
VERS;0.0
>PREP
O;0.036300
H;0.034400
L;0.045800
C;0.036300
P;0.627450
>NEUR
0;0;0
1;1;1
2;1;2
3;1;3
4;1;4
5;1;5
6;1;6
7;1;7
8;1;8
9;1;9
10;2;1
11;2;2
12;2;3
65;3;0
86;3;0
55;3;0
>LINK
0;10;2.04069781308
1;10;-3.11385075042
2;10;1.70731526352
3;10;-2.85487986137
4;10;1.40480487406
6;10;1.49077808549
7;10;-3.10517882311
8;10;-3.1389965598
0;11;-2.48930615325
1;11;-0.615145246623
2;11;-1.81922246245
3;11;-2.92422231872
4;11;-0.175076069467
5;11;3.85315400772
6;11;0.155275959903
7;11;3.17984168353
8;11;-0.598469886465
9;11;2.56638556598
0;12;-2.43158466996
1;12;2.56630119338
2;12;-1.70094567973
3;12;-1.27430346074
4;12;0.123058596752
5;12;-0.346842395514
6;12;2.29343488197
7;12;-1.56515272779
8;12;2.57526070303
9;65;1.0
65;12;3.15464778026
11;12;-0.643375034953
12;12;1.41014475329
5;86;1.0
86;10;1.64443846143
9;55;1.0
55;10;1.62289464687
","{'t*p2/d': 0.5057199999999995, 'prof/dd': 0.06393817959999988, 'profit': 0.25285999999999975, 'confirmfactor': 0.0, 'trades': 2, 'winratio': 1.0, 'drawdown': 0.0, 'fitness': 0.0, 'p2/dd': 0.25285999999999975}"
3,3,4,1.2715316254542819,0.31788290636357047,">PROP
PAIR;AUDUSD
TF;240
VERS;0.0
>PREP
O;0.036300
H;0.034400
L;0.045800
C;0.036300
P;0.627450
>NEUR
0;0;0
1;1;1
2;1;2
3;1;3
4;1;4
5;1;5
6;1;6
7;1;7
8;1;8
9;1;9
10;2;1
11;2;2
12;2;3
47;3;0
62;3;0
145;3;0
>LINK
0;10;0.00967086010368
1;10;1.04051039222
2;10;0.345626844945
3;10;0.892468311727
4;10;3.63359210781
5;10;-1.52467494842
6;10;1.09883813809
7;10;-1.83937843773
8;10;0.475678354399
9;10;-3.30385789652
0;11;0.00438452607799
1;11;-1.14911411465
2;11;-1.62792604303
3;11;-1.85802508066
4;11;1.69256319295
5;11;-1.4219995501
6;11;1.4499791451
7;11;-0.905007606053
8;11;0.413012910797
9;11;-2.12325789002
1;12;0.0725847342253
3;12;-2.83945194334
5;12;2.31547886685
6;12;1.34696248464
7;12;3.14844917512
8;12;1.6758036418
9;12;2.66619884031
12;10;0.0727915637104
4;47;0.560435435322
47;12;0.871851025384
11;11;1.78183627363
47;47;1.78173026206
0;62;1.0
62;12;2.76199297211
2;145;1.0
145;12;1.52301586555
","{'t*p2/d': 30.851440963443117, 'prof/dd': 1.271431625454282, 'profit': 0.356839999999999, 'confirmfactor': 0.05268141298327717, 'trades': 68, 'winratio': 0.5882352941176471, 'drawdown': 0.2806600000000002, 'fitness': 0.06698608268185473, 'p2/dd': 0.45369766122710464}"
3,4,1,0.8040981963024216,0.8040981963024216,">PROP
PAIR;AUDUSD
TF;240
VERS;0.0
>PREP
O;0.036300
H;0.034400
L;0.045800
C;0.036300
P;0.627450
>NEUR
0;0;0
1;1;1
2;1;2
3;1;3
4;1;4
5;1;5
6;1;6
7;1;7
8;1;8
9;1;9
10;2;1
11;2;2
12;2;3
151;3;0
44;3;0
105;3;0
591;3;0
108;3;0
>LINK
0;10;1.01807787066
1;10;0.702700694876
3;10;1.48254211477
4;10;3.2543954139
5;10;-1.12476133658
6;10;0.145635154189
8;10;0.319500920973
9;10;-2.29437404503
0;11;1.44989669794
1;11;-0.540692970214
2;11;-0.965377970133
3;11;-2.0930181107
5;11;-1.91814637127
6;11;0.960939394061
7;11;-0.517221495602
8;11;-0.55006195951
9;11;-3.18465300369
0;12;2.4084664198
1;12;0.0792557434385
2;12;1.71865044031
3;12;-3.57721206714
4;12;0.205249969669
6;12;1.54593653481
7;12;2.56250354622
8;12;1.37363115873
9;12;2.28850477753
10;10;-0.946281547201
5;151;0.601817685862
151;12;2.88666848596
1;151;1.03941780022
7;44;1.0
44;10;-0.510124356721
2;105;1.0
105;10;-2.64353806311
3;591;1.0
591;151;-0.855316942256
4;108;1.0
108;11;2.54034951776
","{'t*p2/d': 3.784515989779057, 'prof/dd': 0.8039981963024216, 'profit': 0.10698000000000005, 'confirmfactor': 2.602368583207216, 'trades': 44, 'winratio': 0.45454545454545453, 'drawdown': 0.1330599999999998, 'fitness': 0.8040981963024216, 'p2/dd': 0.08601172704043311}"
4,1,281,297.19522195122414,4.262727500628949,">PROP
PAIR;AUDUSD
TF;240
VERS;0.0
>PREP
O;0.036300
H;0.034400
L;0.045800
C;0.036300
P;0.627450
>NEUR
0;0;0
1;1;1
2;1;2
3;1;3
4;1;4
5;1;5
6;1;6
7;1;7
8;1;8
9;1;9
10;2;1
11;2;2
12;2;3
86;3;0
102;3;0
105;3;0
136;3;0
50;3;0
>LINK
0;10;-0.0248055592886
1;10;2.29134995949
4;10;-1.77090168714
6;10;2.34952362297
7;10;2.63277732875
8;10;-0.0546908595092
9;10;2.85148855994
0;11;-1.29859219081
1;11;-4.189604084
2;11;1.19644681268
3;11;-1.67528768657
4;11;-3.15308786896
5;11;-0.909851709949
6;11;0.830171739388
7;11;-1.61532200546
8;11;-2.71619413067
9;11;-0.568602200756
0;12;-3.84261561919
2;12;1.50783871537
4;12;-1.52843936592
5;12;0.0213742458926
6;12;-0.260261909971
7;12;-2.3894912581
8;12;1.58442936747
9;12;0.735294531566
11;10;3.60110147986
5;86;0.476546139109
86;10;3.35723305553
3;102;0.834588222472
102;10;3.5305558452
2;105;0.25363587121
105;10;-0.130039240976
3;136;1.65692998762
136;12;2.27701415315
10;102;-1.6831633873
136;136;-1.94264616385
1;50;1.0
50;12;0.362110263263
","{'t*p2/d': 434.55870731708023, 'prof/dd': 297.19512195122417, 'profit': 0.24370000000000008, 'confirmfactor': 2.3629257283545163e-06, 'trades': 6, 'winratio': 0.8333333333333334, 'drawdown': 0.0008199999999999874, 'fitness': 0.0007022502362925785, 'p2/dd': 72.42645121951337}"
4,2,5,1.898879724655818,0.3797759449311636,">PROP
PAIR;AUDUSD
TF;240
VERS;0.0
>PREP
O;0.036300
H;0.034400
L;0.045800
C;0.036300
P;0.627450
>NEUR
0;0;0
1;1;1
2;1;2
3;1;3
4;1;4
5;1;5
6;1;6
7;1;7
8;1;8
9;1;9
10;2;1
11;2;2
12;2;3
80;3;0
111;3;0
50;3;0
>LINK
0;10;0.772047798086
1;10;3.76354217231
2;10;-0.48045633157
3;10;-0.65180770567
4;10;-2.27691028794
5;10;1.46068300745
6;10;1.30925647797
7;10;-2.22343139207
8;10;-0.728581166722
9;10;-2.54360120439
1;11;-0.539746083645
2;11;-1.41847976976
3;11;1.03872877884
4;11;-1.59245388689
5;11;-0.0981129039785
6;11;2.13932926906
7;11;3.63451074543
8;11;3.42147862588
9;11;2.36108187919
0;12;2.53554112252
2;12;-2.4639122744
3;12;2.10772502294
4;12;1.05641190868
5;12;1.45394527889
7;12;-0.983883199556
8;12;1.51737014684
9;12;3.25755311189
12;12;-0.246289113856
11;11;2.116122248
0;80;1.4112358312
80;11;-0.742756201521
6;111;0.742111473056
111;12;2.12755948748
8;80;1.53141288655
111;80;-2.87698824939
1;50;1.0
50;12;2.13323596962
","{'t*p2/d': 1.8436391614518122, 'prof/dd': 1.898779724655818, 'profit': 0.2427399999999999, 'confirmfactor': 0.0, 'trades': 4, 'winratio': 0.25, 'drawdown': 0.12784000000000006, 'fitness': 0.0, 'p2/dd': 0.46090979036295304}"
4,3,2,0.0,0.0,">PROP
PAIR;AUDUSD
TF;240
VERS;0.0
>PREP
O;0.036300
H;0.034400
L;0.045800
C;0.036300
P;0.627450
>NEUR
0;0;0
1;1;1
2;1;2
3;1;3
4;1;4
5;1;5
6;1;6
7;1;7
8;1;8
9;1;9
10;2;1
11;2;2
12;2;3
127;3;0
130;3;0
313;3;0
86;3;0
>LINK
0;10;2.97175217379
1;10;-2.74714348424
2;10;-1.5797292325
3;10;-0.732087451829
4;10;0.837974603673
6;10;-2.43653185445
7;10;-0.236212369827
9;10;-0.234272816354
0;11;-1.33624890639
1;11;-2.50729169545
2;11;-0.515874105822
3;11;-0.332476784692
4;11;-0.0763216787964
5;11;-3.03864407902
6;11;-1.46944436245
7;11;2.62523997241
8;11;2.11272973916
9;11;1.24226192186
0;12;-0.602830209604
1;12;-3.60633689344
2;12;2.06740898452
3;12;2.67725011985
4;12;3.73083777829
5;12;-1.29835407379
6;12;2.81215815853
7;12;1.97331464643
9;12;0.219786677859
12;12;-1.14628398982
10;10;0.378390475479
8;127;1.66324904128
8;130;1.06940978196
130;10;-2.24452906759
11;11;-1.02662389743
127;313;1.0
313;12;1.28384874135
5;86;1.0
86;10;-0.203870429971
","{'t*p2/d': -23.034775391620013, 'prof/dd': -0.20498058642389153, 'profit': -0.06124000000000168, 'trades': 1835, 'winratio': 0.5182561307901907, 'drawdown': 0.29875999999999925, 'fitness': 0.0, 'p2/dd': -0.012553011112599462}"
4,4,5,58.09384999999542,12.059626026159192,">PROP
PAIR;AUDUSD
TF;240
VERS;0.0
>PREP
O;0.036300
H;0.034400
L;0.045800
C;0.036300
P;0.627450
>NEUR
0;0;0
1;1;1
2;1;2
3;1;3
4;1;4
5;1;5
6;1;6
7;1;7
8;1;8
9;1;9
10;2;1
11;2;2
12;2;3
65;3;0
70;3;0
89;3;0
102;3;0
187;3;0
338;3;0
73;3;0
>LINK
2;10;-0.695487418957
4;10;3.40730190423
5;10;-0.916883374438
6;10;0.770974261695
7;10;-0.965372388328
8;10;0.184332151046
9;10;-1.93850087331
0;11;1.44720056788
1;11;-0.760904342747
2;11;-1.50115178509
3;11;-2.04314161206
4;11;1.94837112358
5;11;-1.43825867048
6;11;1.05633601105
7;11;-1.65787044219
8;11;2.49298358162
9;11;0.106311183102
0;12;2.87911876598
1;12;0.338593163635
2;12;0.366262853006
3;12;-4.63817074852
4;12;2.14393468211
5;12;1.39998911961
6;12;1.94989718154
8;12;1.30332563261
12;10;-0.39136276096
9;65;1.41413940258
65;12;4.13296084965
7;70;0.874177070842
1;89;1.55601353551
89;10;0.809817837274
3;102;0.50542088549
102;10;0.936373615476
70;187;0.9951943945
187;12;1.41138466748
70;70;2.6622040683
8;70;1.96567114183
6;70;2.85493545799
7;338;1.0
338;12;1.87800056444
338;338;-0.454653753869
0;73;1.0
73;10;1.1232411834
","{'t*p2/d': 12.95955374999897, 'prof/dd': 58.09374999999542, 'profit': 0.07435999999999997, 'confirmfactor': 0.03688949062416461, 'trades': 3, 'winratio': 0.6666666666666666, 'drawdown': 0.0012800000000001005, 'fitness': 2.1430525348964564, 'p2/dd': 4.319851249999656}"
4,5,5,0.42977662076434753,0.0919419444588492,">PROP
PAIR;AUDUSD
TF;240
VERS;0.0
>PREP
O;0.036300
H;0.034400
L;0.045800
C;0.036300
P;0.627450
>NEUR
0;0;0
1;1;1
2;1;2
3;1;3
4;1;4
5;1;5
6;1;6
7;1;7
8;1;8
9;1;9
10;2;1
11;2;2
12;2;3
62;3;0
80;3;0
102;3;0
320;3;0
712;3;0
133;3;0
>LINK
0;10;1.88588067748
1;10;3.57875172249
2;10;-2.86103367664
4;10;-2.94549778256
5;10;2.50727212986
6;10;3.80436060839
7;10;0.359784996176
8;10;0.383561069811
9;10;1.75281948522
1;11;-1.75907569639
2;11;-1.33436530738
3;11;0.0981586467933
4;11;-1.95308608678
5;11;2.8100858957
7;11;-2.77116184285
8;11;0.0180780410518
9;11;-1.4962478819
1;12;0.75226463283
2;12;1.55378547873
3;12;1.94845071188
4;12;1.72362571347
5;12;2.85193901025
6;12;-0.519723210151
7;12;1.1605325515
8;12;3.68804013023
9;12;0.708778389263
0;62;1.26585295992
62;12;0.413403950011
10;11;1.12683292132
0;80;0.449477417339
80;11;0.154089587113
3;102;0.500365073524
102;10;-1.88170139828
0;320;0.427330217339
320;11;0.674553140647
12;12;2.24057911923
11;320;2.83432044662
2;712;1.0
712;62;0.417590021702
6;133;1.0
133;11;-0.671283868294
","{'t*p2/d': 9.832066681107692, 'prof/dd': 0.42967662076434754, 'profit': 0.11107999999999917, 'confirmfactor': -2.1616231265402273, 'trades': 206, 'winratio': 0.470873786407767, 'drawdown': 0.2585200000000001, 'fitness': 0.0, 'p2/dd': 0.04772847903450336}"
4,6,2,0.10316668160000003,0.051583340800000016,">PROP
PAIR;AUDUSD
TF;240
VERS;0.0
>PREP
O;0.036300
H;0.034400
L;0.045800
C;0.036300
P;0.627450
>NEUR
0;0;0
1;1;1
2;1;2
3;1;3
4;1;4
5;1;5
6;1;6
7;1;7
8;1;8
9;1;9
10;2;1
11;2;2
12;2;3
65;3;0
92;3;0
111;3;0
117;3;0
133;3;0
215;3;0
127;3;0
241;3;0
>LINK
0;10;4.23339113838
1;10;-0.668650626511
2;10;-3.43865032042
3;10;-2.97801814538
4;10;3.38334853016
5;10;-0.384619242832
6;10;2.72848899312
7;10;3.06494139787
8;10;-2.70195181385
9;10;-1.73099976963
0;11;0.233623486003
1;11;-2.47511244761
2;11;-1.38658599619
4;11;-0.300995728465
5;11;-1.1197305088
8;11;-0.0851790368689
9;11;-2.72006515898
0;12;2.18497569957
1;12;0.265316751183
2;12;-0.464948127971
3;12;1.36404189662
4;12;-0.112961189666
5;12;0.156819897355
7;12;0.157576953722
9;65;0.929893532523
65;12;-2.44862585151
7;92;1.29378891026
92;11;-1.93316944324
6;111;1.13160683798
111;12;1.74531874358
3;117;0.6116690472
117;11;-0.441056184726
6;133;0.405876331487
133;11;2.23371116109
2;111;-0.652764805639
7;215;0.923063631929
215;11;-2.2011195281
92;12;-2.1012040512
133;133;2.75507170934
127;12;-2.3495655838
8;241;1.0
241;127;1.0
","{'t*p2/d': 1.2841600000000002, 'prof/dd': 0.10306668160000003, 'profit': 0.32104000000000005, 'confirmfactor': -9.702456550226215, 'trades': 4, 'winratio': 1.0, 'drawdown': 0.0, 'fitness': 0.0, 'p2/dd': 0.32104000000000005}"
5,1,123,255.87922087915004,4.808655508562527,">PROP
PAIR;AUDUSD
TF;240
VERS;0.0
>PREP
O;0.036300
H;0.034400
L;0.045800
C;0.036300
P;0.627450
>NEUR
0;0;0
1;1;1
2;1;2
3;1;3
4;1;4
5;1;5
6;1;6
7;1;7
8;1;8
9;1;9
10;2;1
11;2;2
12;2;3
65;3;0
80;3;0
83;3;0
92;3;0
111;3;0
117;3;0
133;3;0
215;3;0
596;3;0
>LINK
0;10;4.12006911883
1;10;-0.73034377347
2;10;-2.41269470969
3;10;-2.50474945618
5;10;-1.15627866075
6;10;2.55938221606
7;10;2.89658628964
8;10;-2.13616913717
9;10;-2.62032735786
1;11;-2.38880556081
2;11;-2.26570496636
4;11;-0.301153967431
5;11;-2.2230505189
8;11;-0.00975222675199
9;11;-2.12874903327
0;12;2.61850858105
1;12;-0.374560464451
2;12;-0.617743117011
3;12;1.43926523066
4;12;0.827855044392
5;12;0.229281942836
7;12;0.143353402575
8;12;-1.86804583701
9;65;1.26602041117
65;12;-2.00398294403
0;80;0.722660393897
80;11;-0.0379681192128
4;83;0.901497767685
83;10;3.59939639495
7;92;2.18618826582
92;11;-2.59347567161
6;111;2.19979710334
111;12;2.37440013333
3;117;1.25301354574
117;11;-0.565647649474
6;133;1.51587266123
133;11;2.69764804548
2;111;-1.19652575997
7;215;0.132290846665
215;11;-3.29153543062
10;111;-2.02293641254
133;12;1.6944518043
12;215;-1.02307053663
83;83;-0.733202845195
6;596;1.0
596;11;3.0043417439
","{'t*p2/d': 357.48871978026074, 'prof/dd': 255.87912087915004, 'profit': 0.23285000000000017, 'confirmfactor': 3.865506871375956e-06, 'trades': 6, 'winratio': 0.8333333333333334, 'drawdown': 0.000909999999999897, 'fitness': 0.0009891028865506805, 'p2/dd': 59.58145329671012}"
5,2,120,164.17626580311466,4.54798601298771,">PROP
PAIR;AUDUSD
TF;240
VERS;0.0
>PREP
O;0.036300
H;0.034400
L;0.045800
C;0.036300
P;0.627450
>NEUR
0;0;0
1;1;1
2;1;2
3;1;3
4;1;4
5;1;5
6;1;6
7;1;7
8;1;8
9;1;9
10;2;1
11;2;2
12;2;3
50;3;0
70;3;0
105;3;0
130;3;0
211;3;0
121;3;0
77;3;0
58;3;0
92;3;0
>LINK
0;10;2.42586177051
1;10;3.96408533802
2;10;-2.30299000302
3;10;-2.10465518309
4;10;-2.38486833221
5;10;-0.946895702461
7;10;-2.13511289736
9;10;-1.92737512245
0;11;1.33539657729
1;11;-2.53821473938
2;11;-0.843788035703
3;11;3.85551160292
4;11;0.206989559183
5;11;-0.210590535919
6;11;1.97488007406
8;11;-0.254852989233
0;12;-3.10836058335
2;12;1.01487919489
3;12;-2.12067679235
4;12;1.09370097356
5;12;-3.73906177949
6;12;-1.87320700716
8;12;0.0517969216829
9;12;-2.81694185333
1;50;1.55931097143
50;12;2.88211078971
7;70;0.924063038328
70;12;-1.48437709487
105;10;-0.964083701339
8;130;0.100411904345
130;10;1.33727557446
10;130;-3.17222005662
70;105;1.44885532644
2;211;0.58155827321
211;105;1.49962315941
12;121;1.49763754587
121;12;-0.148807291716
6;77;1.0
77;10;2.74732841678
121;50;2.20213984638
5;105;0.13830784734
211;211;-1.14292572021
9;58;1.0
58;11;0.958027199399
7;92;1.0
92;11;-2.12501232102
","{'t*p2/d': 156.06257968912476, 'prof/dd': 164.17616580311466, 'profit': 0.3168600000000001, 'confirmfactor': -0.006091018115255732, 'trades': 3, 'winratio': 0.3333333333333333, 'drawdown': 0.0019299999999999318, 'fitness': 0.0, 'p2/dd': 52.02085989637492}"
5,4,32,2.583838400353509,0.2859859451241626,">PROP
PAIR;AUDUSD
TF;240
VERS;0.0
>PREP
O;0.036300
H;0.034400
L;0.045800
C;0.036300
P;0.627450
>NEUR
0;0;0
1;1;1
2;1;2
3;1;3
4;1;4
5;1;5
6;1;6
7;1;7
8;1;8
9;1;9
10;2;1
11;2;2
12;2;3
44;3;0
92;3;0
105;3;0
108;3;0
151;3;0
591;3;0
95;3;0
77;3;0
957;3;0
>LINK
0;10;0.668899978332
1;10;-0.106363225489
2;10;-3.07028043067
3;10;2.60402989372
4;10;2.9440496434
5;10;-1.89377032917
8;10;-0.461583763882
9;10;-2.17477678089
0;11;1.58308933064
1;11;-0.254101647334
2;11;-1.51397037392
3;11;-2.00184706663
6;11;0.863602462814
8;11;-0.457565304985
9;11;-4.01334898934
0;12;1.99307771935
1;12;-0.0761125521813
2;12;1.33034074388
3;12;-2.78038872352
4;12;0.0861563629568
5;12;4.83805970158
6;12;0.81909226631
7;12;2.06443507423
8;12;0.204871536215
9;12;2.01085741502
7;44;0.294384331552
44;10;-0.311966167103
10;10;-0.531220110632
7;92;1.0
92;11;-0.112949592144
2;105;0.806569363676
105;10;-3.26655048856
4;108;-0.0437957606837
108;11;1.94577262533
5;151;0.546681043694
151;12;3.24971478696
1;151;-0.934097193552
591;151;-0.958912126837
105;105;-2.45051318086
5;95;1.0
95;11;-2.02059490968
6;77;1.0
77;10;0.172894614766
3;957;1.0
957;591;1.90844250156
","{'t*p2/d': 3.6257084224480693, 'prof/dd': 2.583738400353509, 'profit': 0.11693999999999993, 'confirmfactor': 29.243110528802198, 'trades': 12, 'winratio': 0.6666666666666666, 'drawdown': 0.04526000000000005, 'fitness': 2.583838400353509, 'p2/dd': 0.3021423685373391}"
5,5,2,15.473160982830063,8.003076002425733,">PROP
PAIR;AUDUSD
TF;240
VERS;0.0
>PREP
O;0.036300
H;0.034400
L;0.045800
C;0.036300
P;0.627450
>NEUR
0;0;0
1;1;1
2;1;2
3;1;3
4;1;4
5;1;5
6;1;6
7;1;7
8;1;8
9;1;9
10;2;1
11;2;2
12;2;3
65;3;0
80;3;0
83;3;0
92;3;0
111;3;0
117;3;0
133;3;0
215;3;0
769;3;0
786;3;0
136;3;0
>LINK
0;10;4.33289931549
1;10;-0.32821317071
2;10;-3.16805656877
3;10;-3.46582352973
5;10;-1.8221564703
6;10;2.655639538
7;10;2.45029963974
8;10;-3.13629373254
9;10;-2.10712963166
1;11;-1.48786700803
2;11;-2.71963526769
4;11;-1.10470267275
5;11;-1.47328251381
8;11;-0.787904329292
9;11;-2.02908756417
0;12;2.5791453704
1;12;-0.196838742361
2;12;0.504295996968
4;12;0.610414023644
5;12;0.769365980049
7;12;0.101984357528
8;12;-1.50855521605
9;65;0.877614293803
65;12;-2.51099232649
0;80;1.40124953378
80;11;1.18320586983
4;83;0.564167677651
83;10;3.26131730651
7;92;2.79002818366
92;11;-2.38012224217
111;12;2.95258413705
3;117;2.07045715018
117;11;-0.965524603575
6;133;0.65712742682
133;11;2.54330650726
2;111;-0.784387385527
7;215;0.961381211795
215;11;-3.02764589524
10;111;-1.83978168178
133;12;1.6944518043
12;215;-0.776398428684
80;111;1.17438224688
4;769;1.0
769;10;4.15495331845
6;786;1.0
786;111;1.33332936014
3;136;1.0
136;12;2.46596909157
","{'t*p2/d': 72.7871356305505, 'prof/dd': 15.473060982830063, 'profit': 0.2613399999999998, 'confirmfactor': 4.2686447156959996e-05, 'trades': 18, 'winratio': 0.5, 'drawdown': 0.016890000000000002, 'fitness': 0.0006604942686447107, 'p2/dd': 4.043729757252805}"
5,6,2,2.103786478353046,1.051893239176523,">PROP
PAIR;AUDUSD
TF;240
VERS;0.0
>PREP
O;0.036300
H;0.034400
L;0.045800
C;0.036300
P;0.627450
>NEUR
0;0;0
1;1;1
2;1;2
3;1;3
4;1;4
5;1;5
6;1;6
7;1;7
8;1;8
9;1;9
10;2;1
11;2;2
12;2;3
62;3;0
65;3;0
92;3;0
154;3;0
353;3;0
86;3;0
>LINK
0;10;1.66365319326
1;10;0.409902638465
2;10;-0.198073454604
3;10;1.10746082806
4;10;-0.328329625578
6;10;2.59996936583
7;10;-3.66842381854
8;10;2.51968335666
9;10;-1.7864835719
0;11;0.271263419841
1;11;-2.3877367543
2;11;0.913621510632
3;11;3.77189772945
4;11;0.111827155267
5;11;1.55330533562
6;11;2.99099818938
8;11;-0.365104114829
9;11;-1.7915817713
1;12;1.07125860866
2;12;0.490441898434
3;12;-1.72180900155
4;12;2.01817317978
5;12;-2.88212690198
6;12;-2.35076961549
7;12;-0.58930398479
8;12;-0.814904597704
0;62;1.0
62;12;-2.23707756666
9;65;2.09046900883
65;12;-3.39789109809
10;10;2.38627060179
11;11;0.918311145541
7;154;1.0
154;92;2.01071044829
92;353;1.1241264905
353;11;-2.09654447277
8;65;-1.53169344178
0;65;-0.333498962977
11;353;2.01718695329
6;65;-0.606960296045
62;62;-2.24131665332
5;86;1.0
86;10;-2.37808488439
","{'t*p2/d': 91.23431606866795, 'prof/dd': 2.103686478353046, 'profit': 0.3075799999999998, 'confirmfactor': -0.4753560049418056, 'trades': 141, 'winratio': 0.44680851063829785, 'drawdown': 0.14621000000000045, 'fitness': 0.0, 'p2/dd': 0.6470518870118295}"
5,7,9,2.9789325006573733,0.7168767542927228,">PROP
PAIR;AUDUSD
TF;240
VERS;0.0
>PREP
O;0.036300
H;0.034400
L;0.045800
C;0.036300
P;0.627450
>NEUR
0;0;0
1;1;1
2;1;2
3;1;3
4;1;4
5;1;5
6;1;6
7;1;7
8;1;8
9;1;9
10;2;1
11;2;2
12;2;3
65;3;0
92;3;0
145;3;0
166;3;0
99;3;0
1092;3;0
1095;3;0
>LINK
0;10;2.34424273918
1;10;2.39669787095
2;10;0.750190687591
3;10;0.286314969531
4;10;-2.97464651365
5;10;-1.65716563346
6;10;1.56704872888
7;10;-4.1281384588
8;10;-0.825987994045
9;10;-1.72608693862
0;11;-0.212945714183
1;11;-1.67689543948
2;11;0.915771859873
3;11;4.54120026843
4;11;1.02532704865
5;11;0.88187163322
6;11;2.25760497672
9;11;2.74521586016
0;12;-0.800938054522
1;12;1.18579305555
3;12;-1.87682272827
4;12;1.47021037234
5;12;-3.03480201603
6;12;-1.66363850595
7;12;-2.37879334703
8;12;-1.31319459698
9;65;1.13169094372
65;12;2.17091260619
11;11;0.00744890261284
7;92;1.07012692783
92;11;-2.97137653337
2;145;0.937139180919
145;12;0.862018094966
10;166;0.237345919809
166;10;0.961479694877
8;65;-1.4535835031
1;92;-2.69217481957
8;99;1.0
99;11;0.372890020046
1092;12;-2.85393794806
9;1095;1.0
1095;1092;1.0
","{'t*p2/d': 29.696219505653374, 'prof/dd': 2.978832500657373, 'profit': 0.45313999999999954, 'confirmfactor': 0.017814612547480624, 'trades': 22, 'winratio': 0.5454545454545454, 'drawdown': 0.15211999999999998, 'fitness': 0.05306852830430867, 'p2/dd': 1.3498281593478807}"
5,8,2,123.5776193798465,68.43452364656275,">PROP
PAIR;AUDUSD
TF;240
VERS;0.0
>PREP
O;0.036300
H;0.034400
L;0.045800
C;0.036300
P;0.627450
>NEUR
0;0;0
1;1;1
2;1;2
3;1;3
4;1;4
5;1;5
6;1;6
7;1;7
8;1;8
9;1;9
10;2;1
11;2;2
12;2;3
73;3;0
89;3;0
151;3;0
193;3;0
398;3;0
1047;3;0
124;3;0
>LINK
2;10;0.368126147244
3;10;-4.39671757815
4;10;0.987919110212
5;10;1.37328518647
6;10;1.35460128397
7;10;0.910753045268
8;10;-1.5231306217
9;10;2.37568303538
0;11;1.73757396359
1;11;-2.43187018752
3;11;1.6655272742
4;11;-0.802100947179
5;11;-5.1040250179
6;11;-1.399257735
7;11;1.30469710058
8;11;2.27781607576
9;11;-2.76566250362
0;12;-1.18057714205
1;12;-1.82123606855
2;12;1.44911780976
3;12;-1.1117597259
4;12;1.47261953791
6;12;-2.59294228511
7;12;-0.684071273329
8;12;1.21436615272
9;12;0.399559571846
0;73;1.59768480895
73;10;-0.351160710458
1;89;0.231761551619
89;10;0.260638915927
5;151;1.91701067374
151;193;-0.649529387117
193;12;0.554329618621
5;398;2.36346995945
398;12;-0.607228736163
0;151;-0.909377084802
193;11;1.26123808673
8;151;-2.08072670891
11;398;0.577758990237
12;12;1.93178676047
6;73;0.725368645257
7;398;0.586623934195
89;193;1.52184302233
151;1047;1.0
1047;11;-2.63323300892
2;124;1.0
124;11;3.00855417148
","{'t*p2/d': 551.6030870542711, 'prof/dd': 123.57751937984649, 'profit': 0.3188300000000004, 'confirmfactor': 0.12335080296063342, 'trades': 14, 'winratio': 0.7857142857142857, 'drawdown': 0.002579999999999971, 'fitness': 15.243398578467598, 'p2/dd': 39.400220503876504}"
5,9,1,0.0,0.0,">PROP
PAIR;AUDUSD
TF;240
VERS;0.0
>PREP
O;0.036300
H;0.034400
L;0.045800
C;0.036300
P;0.627450
>NEUR
0;0;0
1;1;1
2;1;2
3;1;3
4;1;4
5;1;5
6;1;6
7;1;7
8;1;8
9;1;9
10;2;1
11;2;2
12;2;3
99;3;0
102;3;0
108;3;0
117;3;0
127;3;0
253;3;0
142;3;0
1027;3;0
944;3;0
202;3;0
>LINK
0;10;1.93404699383
1;10;-3.688276046
2;10;2.15019789354
4;10;-0.266598594051
5;10;-3.61238879091
6;10;3.07066158931
7;10;-0.394874644801
8;10;3.8457639774
9;10;0.59265287425
0;11;0.224392115561
1;11;-0.379918148078
2;11;3.16235570959
5;11;3.17683455275
6;11;0.313515135092
7;11;-1.82850131654
9;11;-1.13092619221
0;12;-1.02819692252
1;12;1.06614344225
2;12;-2.23445743376
3;12;-1.91813892719
4;12;-1.95207209804
5;12;0.349444601737
6;12;-4.14442542529
7;12;-0.2069730112
9;12;-2.18504149274
10;11;-1.64014943641
8;99;0.700709466666
99;11;-2.15315932912
3;102;-0.19214467972
4;108;0.592354026202
108;11;0.150187998117
117;11;1.31415437427
8;127;1.5455996638
127;12;0.733702205223
102;11;-1.98777482449
7;102;0.19859862468
99;99;2.44661139789
3;253;1.06516088061
253;11;0.333389026843
0;102;1.82671120624
6;117;1.09582304842
127;99;-0.544171195753
102;142;1.0
142;10;3.21171733228
102;1027;1.0
1027;10;3.21171733228
0;944;1.0
944;108;-1.60609436371
3;202;1.0
202;117;-0.796893967948
","{'t*p2/d': -0.8173835547334745, 'prof/dd': -0.828989406423405, 'profit': -0.09859999999999966, 'trades': 10, 'winratio': 0.4, 'drawdown': 0.11893999999999984, 'fitness': 0.0, 'p2/dd': -0.08173835547334744}"
5,10,2,2.370042196531798,1.185021098265899,">PROP
PAIR;AUDUSD
TF;240
VERS;0.0
>PREP
O;0.036300
H;0.034400
L;0.045800
C;0.036300
P;0.627450
>NEUR
0;0;0
1;1;1
2;1;2
3;1;3
4;1;4
5;1;5
6;1;6
7;1;7
8;1;8
9;1;9
10;2;1
11;2;2
12;2;3
108;3;0
127;3;0
145;3;0
241;3;0
65;3;0
221;3;0
>LINK
0;10;-0.422992771319
1;10;0.875765206147
2;10;-0.29068898765
3;10;-0.990887178008
4;10;0.0185114661182
5;10;1.96126155273
6;10;-1.33962419333
7;10;3.15370619947
8;10;-0.44146406888
9;10;2.63578770881
0;11;-0.947781051577
1;11;2.80616001587
2;11;1.34526303282
3;11;-2.32079144924
5;11;4.36531306337
6;11;2.45019789589
7;11;3.47676691119
8;11;-0.809106809064
9;11;-2.50368823631
0;12;2.34471399327
1;12;-3.90506893188
3;12;-1.35394503198
4;12;2.05162592865
5;12;4.16669897229
6;12;-0.284222584303
7;12;-0.417324176779
4;108;1.40352898555
108;11;1.20390809456
127;12;-0.0553998877716
2;145;1.8163923629
145;12;-1.99315674191
145;145;1.1867789224
12;12;-2.90695062541
11;11;-1.06467114268
8;145;-0.953243793912
8;241;0.401638762713
241;127;2.19373412358
145;127;-0.972173657776
241;10;1.62800042195
9;65;1.0
65;12;1.38134988211
4;221;1.0
221;11;1.63258167825
","{'t*p2/d': 16.907167630057835, 'prof/dd': 2.369942196531798, 'profit': 0.24599999999999983, 'confirmfactor': 1.1254661499885723, 'trades': 29, 'winratio': 0.6896551724137931, 'drawdown': 0.10379999999999966, 'fitness': 2.370042196531798, 'p2/dd': 0.5830057803468219}"
5,11,2,0.00010051840000000002,5.025920000000001e-05,">PROP
PAIR;AUDUSD
TF;240
VERS;0.0
>PREP
O;0.036300
H;0.034400
L;0.045800
C;0.036300
P;0.627450
>NEUR
0;0;0
1;1;1
2;1;2
3;1;3
4;1;4
5;1;5
6;1;6
7;1;7
8;1;8
9;1;9
10;2;1
11;2;2
12;2;3
86;3;0
102;3;0
105;3;0
136;3;0
50;3;0
1051;3;0
>LINK
0;10;-0.727635265086
1;10;2.20688541684
4;10;-1.56278891768
6;10;3.08324742873
7;10;3.08662960543
8;10;0.643550890506
9;10;2.44314445256
0;11;2.46186479406
1;11;-4.97709488033
2;11;1.07110834833
3;11;-1.83803178436
4;11;-3.91584897148
5;11;-0.909851709949
6;11;0.241124829601
7;11;-2.1326693204
8;11;-1.94637087656
9;11;-0.557208681947
0;12;-4.48447044513
2;12;1.61689962705
4;12;-1.52843936592
5;12;0.380791443335
6;12;0.17894847263
7;12;-2.23189460209
8;12;1.58442936747
9;12;0.751463682197
11;10;4.30242237675
5;86;-2.41144201353
86;10;3.90824628472
102;10;4.11056323243
2;105;0.488335461191
105;10;-0.427363007785
3;136;-2.05918067393
136;12;1.86811526281
10;102;1.29197094333
136;136;-1.54384011117
1;50;0.544026077819
50;12;1.51579681805
136;102;-0.0600563877718
3;1051;1.0
1051;102;0.127555699009
","{'t*p2/d': 0.0007200000000000119, 'prof/dd': 5.184000000000171e-07, 'profit': 0.0007200000000000119, 'confirmfactor': 0.0, 'trades': 1, 'winratio': 1.0, 'drawdown': 0.0, 'fitness': 0.0, 'p2/dd': 0.0007200000000000119}"
5,12,1,6.629639951573848,6.629639951573848,">PROP
PAIR;AUDUSD
TF;240
VERS;0.0
>PREP
O;0.036300
H;0.034400
L;0.045800
C;0.036300
P;0.627450
>NEUR
0;0;0
1;1;1
2;1;2
3;1;3
4;1;4
5;1;5
6;1;6
7;1;7
8;1;8
9;1;9
10;2;1
11;2;2
12;2;3
47;3;0
50;3;0
86;3;0
114;3;0
127;3;0
175;3;0
181;3;0
286;3;0
585;3;0
83;3;0
>LINK
0;10;3.33546516287
1;10;-0.59203262145
2;10;-2.8019046116
3;10;-1.65816743981
6;10;2.77570318284
7;10;1.39048899641
8;10;-1.08966517226
9;10;-0.595689106942
0;11;-1.38007778861
2;11;2.1410016416
3;11;0.989143407124
4;11;0.876171681556
5;11;-0.739990585425
6;11;0.0351233239599
7;11;0.366196904641
8;11;3.17677533581
9;11;-1.39673658222
0;12;-0.665159699548
2;12;2.71366764492
3;12;-0.198692212989
5;12;2.38331773873
6;12;1.86430034858
7;12;2.11295333103
9;12;-0.580268427776
47;12;2.05171049681
1;50;1.41729847747
50;12;0.75481706726
5;86;0.744835054223
86;10;2.88777313325
1;114;0.712872823919
114;11;-0.619659280572
8;127;0.487416420043
127;12;1.78231392005
10;175;0.643728306796
175;11;0.51327859695
4;181;1.63974903145
181;47;0.836182193952
127;127;-1.13556838647
5;286;0.85158152943
286;10;2.87728524294
50;114;-2.40041178512
8;585;1.14673222591
585;12;1.36927246442
2;175;-2.47859921221
3;114;-1.26407030731
4;83;1.0
83;10;2.16491043895
","{'t*p2/d': 29.405722227602876, 'prof/dd': 6.6295399515738485, 'profit': 0.2464199999999998, 'confirmfactor': 2.2064202233122456, 'trades': 18, 'winratio': 0.4444444444444444, 'drawdown': 0.03716999999999998, 'fitness': 6.629639951573848, 'p2/dd': 1.6336512348668264}"
5,13,2,5.3334333333333195,2.9564595931222253,">PROP
PAIR;AUDUSD
TF;240
VERS;0.0
>PREP
O;0.036300
H;0.034400
L;0.045800
C;0.036300
P;0.627450
>NEUR
0;0;0
1;1;1
2;1;2
3;1;3
4;1;4
5;1;5
6;1;6
7;1;7
8;1;8
9;1;9
10;2;1
11;2;2
12;2;3
44;3;0
83;3;0
362;3;0
365;3;0
151;3;0
95;3;0
>LINK
0;10;2.64925075076
1;10;-0.956522344715
2;10;0.934086717704
3;10;1.1983579941
5;10;-2.20659918054
6;10;1.07383358581
8;10;-0.527890359692
9;10;-4.27628898578
0;11;1.14174859236
1;11;0.991415812096
2;11;0.968026453617
3;11;-2.87400348656
4;11;0.943569355303
6;11;2.85402425044
7;11;1.53667117066
8;11;-1.59921643548
9;11;2.10263320987
0;12;-1.76632516222
1;12;-0.0871856277354
2;12;-0.0832562326622
3;12;2.85358512869
4;12;-1.05919984136
6;12;-0.385461694482
7;12;-2.23697080949
8;12;0.275636339925
9;12;-0.731379810249
12;10;1.24376488599
7;44;0.494256220637
44;10;0.725401558951
83;10;-0.931494192198
4;362;0.522929678357
362;365;0.91760061044
365;83;2.14571111013
2;365;0.407670353335
2;83;0.448754400187
44;44;-1.64479978387
5;151;1.0
151;12;0.93754737404
5;95;1.0
95;11;-1.90689363389
","{'t*p2/d': 29.518506666666497, 'prof/dd': 5.33333333333332, 'profit': 0.12031999999999961, 'confirmfactor': 2.8322076825664992, 'trades': 46, 'winratio': 0.5, 'drawdown': 0.022559999999999983, 'fitness': 5.3334333333333195, 'p2/dd': 0.641706666666663}"
5,14,2,0.17038711749149477,0.08519355874574738,">PROP
PAIR;AUDUSD
TF;240
VERS;0.0
>PREP
O;0.036300
H;0.034400
L;0.045800
C;0.036300
P;0.627450
>NEUR
0;0;0
1;1;1
2;1;2
3;1;3
4;1;4
5;1;5
6;1;6
7;1;7
8;1;8
9;1;9
10;2;1
11;2;2
12;2;3
58;3;0
62;3;0
65;3;0
130;3;0
673;3;0
133;3;0
124;3;0
>LINK
0;10;3.76723438573
1;10;-1.32317460367
2;10;-0.460485587858
3;10;1.08274700564
4;10;-1.44437481151
5;10;1.87305894524
6;10;1.01114332351
7;10;-3.26017686827
9;10;-1.51730631815
0;11;-3.65393506323
1;11;-0.0926070017003
3;11;-0.835494856217
4;11;1.42620749366
5;11;-3.27633798044
7;11;-0.510916958294
8;11;-1.0809420022
1;12;2.31304817468
2;12;-1.14370767993
3;12;-1.81465502405
4;12;0.492937724004
5;12;1.47901463832
6;12;-2.6580188297
7;12;-2.08490511711
8;12;-1.70272433196
9;58;0.948371371285
58;11;-2.81144825151
0;62;1.7181151671
62;12;0.655690975494
9;65;1.19093334459
65;12;-1.04448212597
10;12;-0.818541910624
130;10;1.67208718226
1;62;-2.59813134157
2;58;-2.9388146072
5;58;-1.93328770375
8;673;1.0
673;130;1.21107298338
6;133;1.0
133;11;-2.66283514447
2;124;1.0
124;11;3.04213072448
","{'t*p2/d': 1.7961118860973695, 'prof/dd': 0.17028711749149478, 'profit': 0.05408999999999861, 'confirmfactor': -5.872434830837666, 'trades': 195, 'winratio': 0.4256410256410256, 'drawdown': 0.31764000000000125, 'fitness': 0.0, 'p2/dd': 0.009210830185114715}"
6,1,36,649.5406405406704,32.9011564981734,">PROP
PAIR;AUDUSD
TF;240
VERS;0.0
>PREP
O;0.036300
H;0.034400
L;0.045800
C;0.036300
P;0.627450
>NEUR
0;0;0
1;1;1
2;1;2
3;1;3
4;1;4
5;1;5
6;1;6
7;1;7
8;1;8
9;1;9
10;2;1
11;2;2
12;2;3
65;3;0
80;3;0
83;3;0
92;3;0
111;3;0
117;3;0
133;3;0
215;3;0
769;3;0
786;3;0
136;3;0
154;3;0
1400;3;0
151;3;0
>LINK
0;10;4.78530648817
1;10;0.106948709833
2;10;-3.15860353822
3;10;-3.45263492332
5;10;-2.45566510188
6;10;3.19571275349
7;10;2.45029963974
8;10;-3.18528400588
9;10;-1.64147535027
1;11;-1.50104800796
2;11;-3.09638233481
4;11;-1.08273330712
5;11;-1.57198221365
8;11;-1.09623058696
9;11;-1.26532616676
0;12;2.84584627048
1;12;-0.865722474792
2;12;0.12940981476
4;12;0.610414023644
7;12;0.429131781641
8;12;-1.10710874014
9;65;0.675998656657
65;12;-1.95669536444
0;80;1.50229835552
80;11;1.65641264931
4;83;0.564167677651
92;11;-2.87322370278
111;12;3.32274236549
3;117;2.72846965576
117;11;-0.587745820356
6;133;-0.0699065665133
133;11;3.09126435554
2;111;0.000606958385257
7;215;0.198957005186
215;11;-3.74685439322
10;111;-2.23265656133
133;12;1.9312628784
12;215;-0.776398428684
80;111;1.41802443715
4;769;1.14377754604
769;10;4.91836664397
6;786;0.91701598187
786;111;1.22617085814
3;136;0.317149321477
136;12;2.24529107093
769;215;-2.99749603093
133;65;2.35359906473
5;111;-0.775114251675
7;154;1.0
154;92;2.79002818366
83;1400;1.0
1400;10;3.25348628418
5;151;1.0
151;12;0.856814339544
","{'t*p2/d': 468.312234324418, 'prof/dd': 649.5405405406705, 'profit': 0.24033, 'confirmfactor': 0.0, 'trades': 3, 'winratio': 0.6666666666666666, 'drawdown': 0.00036999999999992594, 'fitness': 0.0, 'p2/dd': 156.10407810813933}"
6,2,21,6.876310979547863,0.9469216459190384,">PROP
PAIR;AUDUSD
TF;240
VERS;0.0
>PREP
O;0.036300
H;0.034400
L;0.045800
C;0.036300
P;0.627450
>NEUR
0;0;0
1;1;1
2;1;2
3;1;3
4;1;4
5;1;5
6;1;6
7;1;7
8;1;8
9;1;9
10;2;1
11;2;2
12;2;3
65;3;0
70;3;0
73;3;0
89;3;0
102;3;0
105;3;0
187;3;0
199;3;0
338;3;0
205;3;0
130;3;0
114;3;0
>LINK
4;10;3.84045248344
5;10;-1.62295698493
6;10;1.115336016
7;10;-1.14979110573
9;10;-1.61170568889
0;11;1.58831415961
2;11;-2.34360501501
3;11;-2.55364016545
4;11;1.73011087061
5;11;-1.18375606981
6;11;0.661347163006
7;11;-0.625715968662
8;11;2.25422471875
9;11;1.29326745802
0;12;2.80929796949
1;12;1.36526070723
2;12;0.134690503624
3;12;-4.70139287354
4;12;2.03149753487
5;12;1.18615510999
6;12;1.59805921511
8;12;1.29923879909
12;10;-0.241833235636
9;65;0.749370193676
65;12;5.33435398951
0;73;0.296898467333
1;89;1.59498432061
89;10;1.15896779997
3;102;0.0765806200839
102;10;1.44018607445
2;105;0.417952720704
105;10;-1.56929260729
70;187;1.56880349152
187;12;2.32412185516
73;199;0.719632168323
199;10;-0.0487947504786
70;70;2.14062436458
8;70;2.48331477148
6;70;2.26414411545
7;338;0.726221582546
338;12;1.27590970289
338;338;0.754977906255
2;338;1.29419947592
0;338;-2.22881141304
65;10;0.134450367041
7;205;1.0
205;70;1.25852619803
8;130;1.0
130;10;1.28298020127
1;114;1.0
114;11;-1.12342024387
","{'t*p2/d': 2.6355141442411023, 'prof/dd': 6.876210979547864, 'profit': 0.12775999999999987, 'confirmfactor': 0.0, 'trades': 3, 'winratio': 0.6666666666666666, 'drawdown': 0.018580000000000083, 'fitness': 0.0, 'p2/dd': 0.8785047147470342}"
6,6,6,4.641028159412686,1.0575708053781046,">PROP
PAIR;AUDUSD
TF;240
VERS;0.0
>PREP
O;0.036300
H;0.034400
L;0.045800
C;0.036300
P;0.627450
>NEUR
0;0;0
1;1;1
2;1;2
3;1;3
4;1;4
5;1;5
6;1;6
7;1;7
8;1;8
9;1;9
10;2;1
11;2;2
12;2;3
62;3;0
65;3;0
92;3;0
154;3;0
353;3;0
86;3;0
145;3;0
871;3;0
>LINK
0;10;1.42971912032
1;10;2.38494067303
2;10;-0.198073454604
3;10;0.853133502615
4;10;-0.757690046588
6;10;2.59996936583
7;10;-3.40838304068
8;10;2.97835146559
9;10;-1.77613317611
0;11;0.0294222231419
1;11;-2.99846685375
2;11;1.15514850674
3;11;4.05921499621
4;11;0.0168773454877
5;11;1.55330533562
6;11;2.27849446156
8;11;-0.805780920723
9;11;-2.44524900109
1;12;1.27680356968
3;12;-2.30968773455
4;12;2.01817317978
5;12;1.17344630414
6;12;-3.04092138079
7;12;-1.30837617431
8;12;-1.22657520243
0;62;1.16610654374
62;12;-2.64631713187
9;65;2.16574351968
65;12;-3.39789109809
10;10;1.63018260942
11;11;1.35730899489
7;154;0.289013968279
154;92;2.40834218209
92;353;1.76606443687
353;11;-2.57909716669
8;65;-0.872154994482
0;65;0.389568848363
11;353;1.93630493192
6;65;0.0790980633729
62;62;-2.70929155672
5;86;1.32706885205
86;10;-2.23685330833
92;92;-2.33303995143
2;145;1.0
145;12;0.315565635233
0;871;1.0
871;12;-2.59340979829
","{'t*p2/d': 29.57282959884633, 'prof/dd': 4.640928159412686, 'profit': 0.35401, 'confirmfactor': 1.4904130730770093e-06, 'trades': 18, 'winratio': 0.6666666666666666, 'drawdown': 0.07628000000000006, 'fitness': 6.917049041307198e-06, 'p2/dd': 1.642934977713685}"
6,8,210,1598.8000999995832,58.589694188392535,">PROP
PAIR;AUDUSD
TF;240
VERS;0.0
>PREP
O;0.036300
H;0.034400
L;0.045800
C;0.036300
P;0.627450
>NEUR
0;0;0
1;1;1
2;1;2
3;1;3
4;1;4
5;1;5
6;1;6
7;1;7
8;1;8
9;1;9
10;2;1
11;2;2
12;2;3
73;3;0
89;3;0
151;3;0
193;3;0
398;3;0
1047;3;0
124;3;0
1481;3;0
111;3;0
1519;3;0
>LINK
2;10;1.0445062385
3;10;-3.92200380417
4;10;1.53326386121
5;10;1.60610247583
6;10;1.89015831422
7;10;0.294526394904
8;10;-1.90650412249
9;10;2.4436733185
0;11;1.81885862146
1;11;-2.10718367418
2;11;3.75419482292
3;11;-1.57136059321
4;11;-1.01005306254
5;11;-4.96846233094
6;11;-1.89245506301
7;11;1.19374759093
8;11;1.89577052128
9;11;-3.2753457655
0;12;-1.62966648208
1;12;-2.21146347552
2;12;1.44911780976
3;12;-1.86763110189
4;12;1.69932695618
7;12;-0.345226284325
8;12;1.21436615272
9;12;0.699816810503
0;73;1.29800025465
73;10;0.370924305841
1;89;0.217156304788
89;10;0.643093606565
5;151;1.90886050496
151;193;-0.749671003075
193;12;-1.77836427303
5;398;2.74048860069
398;12;-0.483718264876
0;151;-1.1028982614
193;11;2.02770715309
8;151;-1.5328294209
12;12;1.20524297705
6;73;0.725368645257
7;398;-0.88381293326
89;193;2.90982454061
151;1047;1.60959915842
1047;11;-2.37480616854
2;124;1.49366498956
124;11;3.70848052098
7;193;0.202144361007
11;1481;1.0
1481;398;-0.100287754689
6;111;1.0
111;12;-3.25124968764
151;1519;1.0
1519;11;-2.41526992097
","{'t*p2/d': 766.8484319997995, 'prof/dd': 1598.7999999995832, 'profit': 0.2398199999999998, 'confirmfactor': 0.0, 'trades': 2, 'winratio': 0.5, 'drawdown': 0.000150000000000039, 'fitness': 0.0, 'p2/dd': 383.42421599989973}"
6,10,5,2.204616024603429,0.5751008270223125,">PROP
PAIR;AUDUSD
TF;240
VERS;0.0
>PREP
O;0.036300
H;0.034400
L;0.045800
C;0.036300
P;0.627450
>NEUR
0;0;0
1;1;1
2;1;2
3;1;3
4;1;4
5;1;5
6;1;6
7;1;7
8;1;8
9;1;9
10;2;1
11;2;2
12;2;3
108;3;0
127;3;0
145;3;0
241;3;0
65;3;0
221;3;0
55;3;0
1620;3;0
>LINK
0;10;0.283881061555
1;10;0.611921791636
2;10;0.160923359598
3;10;-0.759849272862
4;10;0.336357572756
5;10;1.96126155273
6;10;-1.30665745309
7;10;2.36611732372
8;10;0.00254814401405
0;11;-0.974019030322
1;11;3.50149814167
2;11;1.77158992833
3;11;-2.94143137
5;11;4.16953083781
6;11;-0.441782582643
7;11;3.71420091015
8;11;-0.302282270808
9;11;-2.33461523413
0;12;-0.0259468315278
1;12;-4.62947229162
3;12;-1.69011676217
4;12;2.05162592865
5;12;4.28789886769
6;12;-0.284222584303
7;12;-0.768123277634
4;108;0.840389008686
108;11;1.95345260475
127;12;0.124571244101
2;145;1.8163923629
145;12;-2.70850285098
145;145;0.535295289792
12;12;-2.37093454237
11;11;-0.756530555796
8;145;-1.15530130902
8;241;0.56762757373
241;127;2.76081970295
145;127;-1.41514707459
241;10;1.66244018896
9;65;1.19905131713
65;12;1.95432068725
4;221;0.699511952226
221;11;1.63258167825
65;108;1.94858480166
7;145;-0.991083557509
9;55;1.0
55;10;3.43042098651
6;1620;1.0
1620;241;-1.80944347676
","{'t*p2/d': 3.6029287196503663, 'prof/dd': 2.204516024603429, 'profit': 0.27238999999999985, 'confirmfactor': -0.2761308600042263, 'trades': 6, 'winratio': 0.5, 'drawdown': 0.12356000000000009, 'fitness': 0.0, 'p2/dd': 0.6004881199417277}"
6,12,11,274.98886404494317,50.1730897704881,">PROP
PAIR;AUDUSD
TF;240
VERS;0.0
>PREP
O;0.036300
H;0.034400
L;0.045800
C;0.036300
P;0.627450
>NEUR
0;0;0
1;1;1
2;1;2
3;1;3
4;1;4
5;1;5
6;1;6
7;1;7
8;1;8
9;1;9
10;2;1
11;2;2
12;2;3
47;3;0
50;3;0
86;3;0
114;3;0
127;3;0
175;3;0
181;3;0
286;3;0
585;3;0
83;3;0
574;3;0
1636;3;0
>LINK
0;10;3.47165435098
1;10;-1.06510444408
2;10;-2.19771503507
3;10;-1.4019438336
6;10;2.77570318284
7;10;1.27008238307
8;10;-1.136829056
9;10;0.801676528531
0;11;-0.609216011361
2;11;2.68913350363
3;11;0.669180062396
4;11;1.35626346201
5;11;-1.1579590259
6;11;0.297676659951
7;11;0.994110605363
8;11;0.20920835851
9;11;-1.33014394593
0;12;1.66302243683
2;12;2.30833001777
3;12;0.557893764456
5;12;2.58068269335
6;12;2.26876520261
7;12;2.7546338272
9;12;-0.561912531174
1;50;1.91299523879
50;12;1.44722605996
5;86;0.609481814537
86;10;2.88777313325
1;114;0.598831029174
114;11;-0.298387497043
8;127;0.310099838151
127;12;2.30186881858
10;175;0.389967475029
175;11;0.652029700821
4;181;1.78977076653
181;47;0.5137278936
5;286;0.85158152943
286;10;2.95318504209
50;114;-2.40041178512
8;585;-1.15363435646
585;12;0.63677476931
2;175;-2.99501866149
3;114;-1.71326446974
4;83;1.4763001666
83;10;2.16491043895
8;114;-2.51106060625
47;574;1.0
574;12;1.76588761758
127;1636;1.0
1636;127;-0.675810502574
","{'t*p2/d': 269.2030004494375, 'prof/dd': 274.9887640449432, 'profit': 0.24473999999999996, 'confirmfactor': 0.0, 'trades': 4, 'winratio': 0.75, 'drawdown': 0.0008900000000000019, 'fitness': 0.0, 'p2/dd': 67.30075011235938}"
6,13,9,12.428671428571361,2.9285140357532864,">PROP
PAIR;AUDUSD
TF;240
VERS;0.0
>PREP
O;0.036300
H;0.034400
L;0.045800
C;0.036300
P;0.627450
>NEUR
0;0;0
1;1;1
2;1;2
3;1;3
4;1;4
5;1;5
6;1;6
7;1;7
8;1;8
9;1;9
10;2;1
11;2;2
12;2;3
44;3;0
83;3;0
362;3;0
365;3;0
151;3;0
95;3;0
1648;3;0
86;3;0
>LINK
0;10;2.0855981057
1;10;-0.295730308537
2;10;0.772050690053
3;10;0.976897827154
6;10;1.8128619719
8;10;-0.737555301007
9;10;-3.84399321828
0;11;0.489948129145
1;11;0.289615486773
2;11;0.465763876304
3;11;-3.26390997012
4;11;0.460931866708
6;11;2.45556588458
7;11;1.53667117066
8;11;-1.88781782971
9;11;2.10397258326
0;12;-1.71851062087
1;12;-0.0871856277354
2;12;0.051763105405
3;12;3.63752232201
4;12;-0.79392735953
6;12;-0.624845644381
7;12;-0.65691274405
8;12;0.356580839375
9;12;-0.731379810249
12;10;1.66255171618
7;44;0.588388249619
44;10;1.41402064965
83;10;-1.03035698809
4;362;1.28767667146
362;365;1.64633565145
365;83;1.55068645538
2;365;1.04312279487
2;83;0.448754400187
44;44;-1.64622103178
5;151;1.52502738807
151;12;0.542322299806
5;95;1.0
95;11;-1.90689363389
151;95;-1.78035678472
362;1648;1.0
1648;83;1.36871609093
5;86;1.0
86;10;-2.82710440138
","{'t*p2/d': 6.6607199999999605, 'prof/dd': 12.428571428571361, 'profit': 0.13397999999999993, 'confirmfactor': 4.026657268849887, 'trades': 4, 'winratio': 0.5, 'drawdown': 0.010780000000000053, 'fitness': 12.428671428571361, 'p2/dd': 1.6651799999999901}"
6,15,1,0.15966030249999996,0.15966030249999996,">PROP
PAIR;AUDUSD
TF;240
VERS;0.0
>PREP
O;0.036300
H;0.034400
L;0.045800
C;0.036300
P;0.627450
>NEUR
0;0;0
1;1;1
2;1;2
3;1;3
4;1;4
5;1;5
6;1;6
7;1;7
8;1;8
9;1;9
10;2;1
11;2;2
12;2;3
50;3;0
55;3;0
77;3;0
111;3;0
169;3;0
92;3;0
786;3;0
>LINK
0;10;3.57715287995
1;10;-2.55708339302
2;10;1.36778528754
3;10;-0.292232551945
4;10;-2.53871722002
5;10;-4.22245512533
7;10;2.33328921315
8;10;-3.94091649886
0;11;2.04000855025
1;11;-0.451921842037
2;11;-2.59466045708
3;11;1.33046410192
4;11;-1.73983763804
5;11;-3.43783309374
6;11;-2.19444356887
8;11;-0.25711637203
9;11;1.92094564822
0;12;-2.30750740552
2;12;-1.87248429931
3;12;-1.75822096247
4;12;4.24199089825
5;12;-2.81548205881
7;12;-2.03353867656
8;12;-1.98263854327
9;12;1.98112778688
1;50;1.0
50;12;-1.37796026397
55;10;0.423408067187
6;77;0.961763946132
77;10;-0.695158808159
111;12;0.465311219237
9;169;0.989765741448
169;55;-1.35218640136
3;55;-3.429110192
111;55;-1.59235821111
5;55;0.10404296272
111;111;1.60319927102
111;50;-0.625374499282
11;11;-1.88433649844
7;92;1.02385522532
92;11;0.37077757084
1;55;-0.849749827433
6;786;1.0
786;111;-0.563939037381
","{'t*p2/d': 0.7988999999999999, 'prof/dd': 0.15956030249999997, 'profit': 0.39944999999999997, 'confirmfactor': 0.0, 'trades': 2, 'winratio': 1.0, 'drawdown': 0.0, 'fitness': 0.0, 'p2/dd': 0.39944999999999997}"
6,16,1,33.491845283018975,33.491845283018975,">PROP
PAIR;AUDUSD
TF;240
VERS;0.0
>PREP
O;0.036300
H;0.034400
L;0.045800
C;0.036300
P;0.627450
>NEUR
0;0;0
1;1;1
2;1;2
3;1;3
4;1;4
5;1;5
6;1;6
7;1;7
8;1;8
9;1;9
10;2;1
11;2;2
12;2;3
73;3;0
83;3;0
92;3;0
124;3;0
609;3;0
612;3;0
105;3;0
>LINK
1;10;-0.959139514602
3;10;-2.01093782027
5;10;2.89735449758
6;10;-2.94166725935
7;10;1.13046887821
8;10;1.18027104137
9;10;-2.50694857958
0;11;-3.06232558465
1;11;-1.53277770337
3;11;-2.07620163892
4;11;-3.25363795597
5;11;0.514798528235
6;11;-1.470515794
8;11;1.44461530008
9;11;1.53299836896
0;12;-0.689065197041
1;12;1.58770447017
2;12;-0.0807232470134
3;12;-0.639871209704
4;12;-1.49284230101
5;12;4.94510028394
6;12;2.34865107616
7;12;-2.2841125136
8;12;2.03392182033
9;12;-1.95037474269
0;73;1.0
73;10;-0.125104849526
11;11;1.57695130523
4;83;1.29488977833
83;10;1.32294440397
7;92;-0.638980011027
92;11;-0.929144748367
10;12;-2.69435367284
2;124;0.718457530654
124;11;-1.40139231051
11;609;0.639758825356
609;612;-1.81269474436
612;83;-0.140010616377
612;612;-0.770306932622
0;609;-1.46112156395
5;612;1.18545384243
609;12;0.717158214265
8;92;1.89494898875
609;11;-1.00300419452
2;105;1.0
105;10;1.47315035893
","{'t*p2/d': 66.58393404481153, 'prof/dd': 33.49174528301897, 'profit': 0.28401, 'confirmfactor': 3.661799018344407e-05, 'trades': 7, 'winratio': 0.8571428571428571, 'drawdown': 0.008479999999999974, 'fitness': 0.0012264040617990164, 'p2/dd': 9.511990577830218}"
7,1,62,253.02980297026596,6.158620681911453,">PROP
PAIR;AUDUSD
TF;240
VERS;0.0
>PREP
O;0.036300
H;0.034400
L;0.045800
C;0.036300
P;0.627450
>NEUR
0;0;0
1;1;1
2;1;2
3;1;3
4;1;4
5;1;5
6;1;6
7;1;7
8;1;8
9;1;9
10;2;1
11;2;2
12;2;3
65;3;0
80;3;0
83;3;0
92;3;0
111;3;0
117;3;0
133;3;0
215;3;0
769;3;0
786;3;0
136;3;0
58;3;0
600;3;0
>LINK
0;10;4.9640339471
1;10;-0.912485718067
2;10;-4.50926202106
3;10;-2.64187576445
5;10;-1.8221564703
6;10;2.60903855768
7;10;3.63930426656
8;10;-3.81228684196
9;10;-3.1737711261
1;11;-1.46693942769
2;11;-2.1639101015
4;11;-0.159546165996
5;11;-0.8187499264
8;11;-0.467905101873
0;12;2.27874954482
1;12;0.195909326915
2;12;0.581351800286
4;12;1.15100327647
5;12;-0.0934072413881
7;12;-0.410453191228
8;12;-2.8442892797
9;65;-0.350159645491
65;12;-3.49392446309
0;80;1.0248536157
80;11;1.61581150921
4;83;1.44478687094
83;10;3.34613742526
7;92;2.4874790678
92;11;-2.25197333643
111;12;2.4651974143
3;117;2.17097868037
117;11;-0.931401742839
6;133;-0.103553996929
133;11;2.70067096181
2;111;-2.11474558392
7;215;0.366650548415
215;11;-3.64476346219
10;111;-2.0305318964
133;12;2.28228174514
12;215;-0.110197009382
80;111;2.58233736404
4;769;0.170521225128
769;10;5.1292899764
6;786;0.344640377821
786;111;1.3311746652
3;136;1.34396011384
80;80;0.994196681846
9;58;1.56646462906
58;11;-1.23489118682
80;10;1.49103618424
136;600;1.0
600;12;2.521334824
","{'t*p2/d': 905.2997924751343, 'prof/dd': 253.02970297026596, 'profit': 0.25555999999999945, 'confirmfactor': 2.7649026647365908e-06, 'trades': 14, 'winratio': 0.8571428571428571, 'drawdown': 0.001010000000000122, 'fitness': 0.0006996027764902628, 'p2/dd': 64.66427089108102}"
7,2,1,0.0,0.0,">PROP
PAIR;AUDUSD
TF;240
VERS;0.0
>PREP
O;0.036300
H;0.034400
L;0.045800
C;0.036300
P;0.627450
>NEUR
0;0;0
1;1;1
2;1;2
3;1;3
4;1;4
5;1;5
6;1;6
7;1;7
8;1;8
9;1;9
10;2;1
11;2;2
12;2;3
65;3;0
70;3;0
73;3;0
89;3;0
102;3;0
130;3;0
187;3;0
338;3;0
757;3;0
111;3;0
105;3;0
>LINK
4;10;4.84901126198
5;10;-0.205941602558
6;10;0.687824204178
7;10;-0.348198070991
9;10;-1.62662635438
0;11;1.11431458349
1;11;0.0967421555048
2;11;-1.47485286994
3;11;-2.19814887617
4;11;2.13267708482
5;11;-2.09148464969
6;11;2.47088258908
7;11;2.52880514169
8;11;2.37230893711
9;11;-0.320061891218
0;12;1.52411086882
1;12;0.338593163635
2;12;0.855902866606
3;12;-5.9444257213
4;12;1.14435914984
5;12;1.72870130717
8;12;2.07499059251
12;10;0.571006849454
9;65;-1.76542981035
65;12;2.51223489049
7;70;0.270556878145
0;73;0.358212878909
73;10;0.538106046786
1;89;2.70569449422
3;102;1.48113077195
102;10;2.86087164696
8;130;0.82716571681
130;10;1.33206160179
70;187;-0.250589451314
187;12;0.54881688146
70;70;2.65176884858
8;70;2.76821667135
6;70;2.17442241127
7;338;0.371571826975
338;12;1.43165261808
89;757;0.5609125697
757;10;2.86992735099
338;338;-2.11989381268
0;89;-0.308732433461
187;10;-1.54176114854
6;187;2.65481038967
12;12;-2.87630743598
6;111;1.0
111;12;2.08542133069
2;105;1.0
105;10;-0.933805538013
","{'t*p2/d': 0.0, 'prof/dd': 0.0, 'profit': 0.0, 'trades': 0, 'winratio': 0.0, 'drawdown': 0.0, 'fitness': 0.0, 'p2/dd': 0.0}"
7,6,1,0.0,0.0,">PROP
PAIR;AUDUSD
TF;240
VERS;0.0
>PREP
O;0.036300
H;0.034400
L;0.045800
C;0.036300
P;0.627450
>NEUR
0;0;0
1;1;1
2;1;2
3;1;3
4;1;4
5;1;5
6;1;6
7;1;7
8;1;8
9;1;9
10;2;1
11;2;2
12;2;3
62;3;0
65;3;0
92;3;0
154;3;0
353;3;0
86;3;0
145;3;0
871;3;0
1734;3;0
44;3;0
1737;3;0
>LINK
0;10;1.60244779363
1;10;1.70619808809
2;10;0.303072506915
3;10;0.576826558935
4;10;-0.341791549936
6;10;2.71653476984
8;10;2.6096125505
9;10;-2.52721185622
0;11;0.43537978317
1;11;-2.99846685375
2;11;1.15514850674
3;11;3.64233963165
4;11;0.22416197623
5;11;1.13185886945
6;11;2.64277858359
8;11;-0.74586559701
9;11;-2.0303838116
1;12;0.795243533593
3;12;-1.80564615993
4;12;1.22200735578
5;12;0.822140577122
6;12;-2.88329065576
7;12;-1.81868359152
8;12;-0.616203446466
0;62;1.16610654374
62;12;-2.75564132458
9;65;1.89014373641
65;12;-2.81421492603
10;10;2.10610495784
11;11;2.01033835129
7;154;-0.0295368067763
154;92;1.86248532398
353;11;-2.98340839921
8;65;-0.872154994482
0;65;0.878031709462
11;353;2.48060574542
6;65;0.0790980633729
62;62;-2.56354925139
5;86;1.34586316967
86;10;-2.708478173
92;92;-2.88571251704
2;145;1.6897901554
145;12;0.0369792965472
0;871;1.62907382684
871;12;-2.42171548435
9;154;2.59046774907
92;1734;1.0
7;44;1.0
44;10;-3.17448719982
1734;1737;1.0
1737;353;1.03220391485
","{'t*p2/d': 0.0, 'prof/dd': 0.0, 'profit': 0.0, 'trades': 0, 'winratio': 0.0, 'drawdown': 0.0, 'fitness': 0.0, 'p2/dd': 0.0}"
7,8,115,1598.8000999995832,42.93288617961502,">PROP
PAIR;AUDUSD
TF;240
VERS;0.0
>PREP
O;0.036300
H;0.034400
L;0.045800
C;0.036300
P;0.627450
>NEUR
0;0;0
1;1;1
2;1;2
3;1;3
4;1;4
5;1;5
6;1;6
7;1;7
8;1;8
9;1;9
10;2;1
11;2;2
12;2;3
73;3;0
89;3;0
95;3;0
111;3;0
124;3;0
151;3;0
193;3;0
398;3;0
1047;3;0
1524;3;0
>LINK
2;10;-0.871253006467
3;10;-4.67823205164
4;10;1.09226939304
5;10;0.579056513648
6;10;1.04450928366
7;10;1.73863026519
8;10;-1.55118908878
9;10;-1.63085074307
0;11;0.712606846731
1;11;-1.65277507587
3;11;1.60019950738
4;11;-0.357558823819
6;11;-1.57839845515
7;11;1.38909104772
8;11;3.53312306821
9;11;-1.78035738115
0;12;-1.77482666602
1;12;-1.83843147433
2;12;0.604028364925
3;12;-0.744892645538
4;12;1.82052745976
7;12;0.561296391385
8;12;0.0423752999721
9;12;1.01176519476
12;10;-1.7256982923
12;12;1.72103690932
0;73;2.77185953733
73;10;0.137966130759
1;89;1.12433680809
89;10;0.497684879409
5;95;0.992746084327
95;11;-6.00980009286
6;111;1.39972504902
111;12;-2.42481613212
2;124;1.31793985973
124;11;2.37264953699
5;151;2.67717738611
151;193;-0.0198373897304
193;12;0.523541078078
5;398;1.6894315579
398;12;-0.315594744511
0;151;-2.02445494932
193;11;0.946388051957
8;151;-2.75985344079
11;398;1.76751751081
9;89;1.82629142894
6;73;1.14400132321
7;398;1.18873671304
89;193;1.36955498551
151;1047;-0.221486660315
1047;11;-2.13606633639
111;124;2.35243077387
5;1524;1.0
1524;12;-1.03580692354
","{'t*p2/d': 766.8484319997995, 'prof/dd': 1598.7999999995832, 'profit': 0.2398199999999998, 'confirmfactor': 0.0, 'trades': 2, 'winratio': 0.5, 'drawdown': 0.000150000000000039, 'fitness': 0.0, 'p2/dd': 383.42421599989973}"
7,12,86,500.5834333333674,31.35439399635717,">PROP
PAIR;AUDUSD
TF;240
VERS;0.0
>PREP
O;0.036300
H;0.034400
L;0.045800
C;0.036300
P;0.627450
>NEUR
0;0;0
1;1;1
2;1;2
3;1;3
4;1;4
5;1;5
6;1;6
7;1;7
8;1;8
9;1;9
10;2;1
11;2;2
12;2;3
47;3;0
50;3;0
86;3;0
114;3;0
127;3;0
175;3;0
181;3;0
286;3;0
585;3;0
83;3;0
574;3;0
1817;3;0
885;3;0
>LINK
0;10;3.43439356134
1;10;-1.43387764277
2;10;-2.47161780187
3;10;-1.51514208013
4;10;0.991942393902
6;10;2.8003503421
7;10;1.36815784761
8;10;-1.86243827702
9;10;-0.793579865563
0;11;-0.685233453125
2;11;2.09406977021
3;11;1.73780838472
4;11;1.57439669081
5;11;-1.06840360964
6;11;0.0662468510318
7;11;1.46350640443
8;11;2.90066512275
9;11;-1.36688031534
0;12;-0.721934276637
2;12;1.38540565391
3;12;-0.573563051839
5;12;3.58757801991
6;12;1.14180119107
7;12;2.30335061086
9;12;-0.385800838846
1;50;0.942969601093
50;12;1.19323587824
5;86;-0.227113317185
86;10;1.41829226233
1;114;0.324723639818
8;127;0.583812128076
127;12;1.12268898021
10;175;0.790967814723
175;11;0.841462920998
4;181;-0.368161557471
181;47;0.489328910578
127;127;-1.26939943442
5;286;0.25236318053
286;10;3.55536510323
50;114;-1.65435847426
8;585;0.39705364874
585;12;1.557235317
2;175;-2.80309477972
3;114;-1.24357315515
4;83;0.181379117329
83;10;1.64381276103
585;181;3.21558304448
175;12;1.55504130286
50;286;0.250546660046
47;574;1.72415258271
574;12;2.21276752627
181;83;-2.86205201697
5;1817;1.0
1817;10;4.05260964287
114;885;1.0
885;11;-1.09740328517
","{'t*p2/d': 481.1206533333658, 'prof/dd': 500.5833333333674, 'profit': 0.24027999999999985, 'confirmfactor': 0.0, 'trades': 4, 'winratio': 0.75, 'drawdown': 0.000479999999999967, 'fitness': 0.0, 'p2/dd': 120.28016333334145}"
7,13,5,0.014823395600000034,0.002964679120000007,">PROP
PAIR;AUDUSD
TF;240
VERS;0.0
>PREP
O;0.036300
H;0.034400
L;0.045800
C;0.036300
P;0.627450
>NEUR
0;0;0
1;1;1
2;1;2
3;1;3
4;1;4
5;1;5
6;1;6
7;1;7
8;1;8
9;1;9
10;2;1
11;2;2
12;2;3
44;3;0
83;3;0
95;3;0
151;3;0
362;3;0
365;3;0
1118;3;0
77;3;0
133;3;0
117;3;0
>LINK
0;10;2.76700708097
1;10;-1.1392805284
2;10;1.05993159348
3;10;0.929882970661
5;10;-3.73051702346
8;10;2.37303466151
9;10;-1.78120445481
0;11;1.28344268024
1;11;1.46826267542
2;11;2.17277963706
4;11;0.916333377564
7;11;1.6437781701
8;11;-1.83622058905
9;11;2.54648856874
0;12;-2.30294492748
1;12;0.0561368079238
2;12;-0.503315720595
3;12;2.00162072567
4;12;-1.68288882607
6;12;-1.5018498347
7;12;-0.940345487285
8;12;1.23415652843
9;12;-0.220820971782
12;10;1.54415504662
7;44;0.692464752434
44;10;0.318297540184
83;10;-0.170663540247
5;95;0.545571704136
95;11;-2.0394291899
5;151;0.444948422198
151;12;1.04153616097
4;362;-0.0771028743009
362;365;0.892211952388
365;83;3.06895553929
2;365;0.253045024838
2;83;-0.302479632105
44;1118;0.680590439801
1118;44;-1.90880781329
11;44;-2.01593636303
83;151;-1.75188115496
6;77;1.0
77;10;0.771533992554
6;133;1.0
133;11;3.22780277293
3;117;1.0
117;11;-3.67565760056
","{'t*p2/d': 0.24268000000000028, 'prof/dd': 0.014723395600000034, 'profit': 0.12134000000000014, 'confirmfactor': 15014.720461150433, 'trades': 2, 'winratio': 1.0, 'drawdown': 0.0, 'fitness': 0.014823395600000034, 'p2/dd': 0.12134000000000014}"
7,16,30,55.079159829060465,3.335301351011874,">PROP
PAIR;AUDUSD
TF;240
VERS;0.0
>PREP
O;0.036300
H;0.034400
L;0.045800
C;0.036300
P;0.627450
>NEUR
0;0;0
1;1;1
2;1;2
3;1;3
4;1;4
5;1;5
6;1;6
7;1;7
8;1;8
9;1;9
10;2;1
11;2;2
12;2;3
73;3;0
83;3;0
92;3;0
124;3;0
609;3;0
612;3;0
105;3;0
362;3;0
1958;3;0
211;3;0
50;3;0
1961;3;0
>LINK
1;10;-1.03496944701
3;10;-1.6489902501
5;10;3.23418706018
6;10;-2.14340508432
7;10;1.08833612027
8;10;1.72504204889
9;10;-1.34461663923
0;11;-3.82471077258
1;11;-1.4361880566
3;11;-1.83232699152
4;11;-3.0240317323
5;11;0.278972250024
6;11;-2.06295287869
8;11;-2.62731675277
9;11;1.72271768295
0;12;-0.266439937983
2;12;-0.644277213733
3;12;-0.914582065242
4;12;-2.13719367994
5;12;4.64389684611
6;12;2.69910847377
7;12;-2.51411281092
8;12;1.45130849442
9;12;-2.19352548882
0;73;1.73282237108
73;10;-0.812218280409
11;11;1.77937251316
83;10;1.92188458558
7;92;0.0189774459206
92;11;-0.820521143886
10;12;-2.97182564412
2;124;1.30715827502
124;11;-1.36545285435
11;609;0.702190693062
609;612;-2.18061814082
612;83;-0.156392622319
0;609;-0.716785005596
609;12;0.717158214265
8;92;-0.61725754517
609;11;-0.58255418094
105;10;1.78655377502
609;105;-0.681201880203
6;73;-1.21126898213
4;362;1.0
362;83;1.87372739167
612;1958;1.0
1958;612;-0.487579083983
2;211;1.0
211;105;1.68545686578
1;50;1.0
50;12;1.11669195801
5;1961;1.0
1961;612;1.58206051497
","{'t*p2/d': 85.18637551282154, 'prof/dd': 55.07905982906046, 'profit': 0.2577700000000001, 'confirmfactor': 1.5950337618807238e-05, 'trades': 6, 'winratio': 0.8333333333333334, 'drawdown': 0.004679999999999948, 'fitness': 0.0008785311950337595, 'p2/dd': 14.197729252136924}"
8,1,22,24.30378098159547,2.9864159647837365,">PROP
PAIR;AUDUSD
TF;240
VERS;0.0
>PREP
O;0.036300
H;0.034400
L;0.045800
C;0.036300
P;0.627450
>NEUR
0;0;0
1;1;1
2;1;2
3;1;3
4;1;4
5;1;5
6;1;6
7;1;7
8;1;8
9;1;9
10;2;1
11;2;2
12;2;3
65;3;0
80;3;0
83;3;0
92;3;0
111;3;0
117;3;0
124;3;0
133;3;0
136;3;0
215;3;0
320;3;0
362;3;0
769;3;0
786;3;0
2012;3;0
105;3;0
272;3;0
>LINK
0;10;4.08503104346
1;10;-0.0785508044503
3;10;-3.64794160065
5;10;-0.883005271837
6;10;3.52370067657
7;10;3.13189847618
8;10;-4.78651018483
9;10;-2.45961485329
1;11;-1.48166655598
4;11;-1.5036579165
5;11;-1.05473670717
8;11;0.24563620671
9;11;-0.903097485563
0;12;1.84804707288
1;12;0.108769440603
2;12;-0.010865516667
4;12;-3.04522528896
5;12;0.404467403355
7;12;-2.37376615248
8;12;-1.57246521691
9;65;0.499898147045
65;12;-3.79269095136
0;80;1.10232077078
80;11;1.53721925799
83;10;3.04269876179
7;92;3.22155161287
92;11;0.654337202107
3;117;1.24201773744
117;11;-0.116749548849
2;124;1.0
124;11;0.329562815514
6;133;1.38672721319
133;11;1.24078344195
3;136;1.34662129785
136;12;1.90598324239
2;111;-0.88387827785
7;215;1.58117811488
215;11;-2.85747791075
10;111;-1.58588241446
0;320;1.10723945945
320;11;0.0413254455567
4;362;1.0
362;83;0.197027163518
0;117;-0.289361272655
4;769;1.68602327552
769;10;3.7802341728
6;786;0.719114754619
786;111;1.81525136685
133;12;3.11338320899
12;215;-1.12616903084
80;111;1.9564447724
111;320;2.7406183287
83;133;-1.21186227804
320;133;-2.09224382439
10;11;0.432803233486
0;2012;1.0
2012;11;0.415956155829
2;105;1.0
105;10;-4.9402132819
111;272;1.0
272;12;1.21543433512
","{'t*p2/d': 115.53483865030849, 'prof/dd': 24.30368098159547, 'profit': 0.2376899999999999, 'confirmfactor': 0.20171013824148498, 'trades': 20, 'winratio': 0.65, 'drawdown': 0.009779999999999844, 'fitness': 4.902319021588395, 'p2/dd': 5.776741932515424}"
8,8,155,1424.6000999989692,38.12906016352175,">PROP
PAIR;AUDUSD
TF;240
VERS;0.0
>PREP
O;0.036300
H;0.034400
L;0.045800
C;0.036300
P;0.627450
>NEUR
0;0;0
1;1;1
2;1;2
3;1;3
4;1;4
5;1;5
6;1;6
7;1;7
8;1;8
9;1;9
10;2;1
11;2;2
12;2;3
50;3;0
73;3;0
89;3;0
124;3;0
151;3;0
193;3;0
199;3;0
395;3;0
398;3;0
1047;3;0
1475;3;0
1506;3;0
70;3;0
1495;3;0
>LINK
2;10;-0.0352773212915
3;10;-4.66294919196
4;10;0.887305714865
5;10;1.01152320909
6;10;-2.03397677212
7;10;0.0504468726506
8;10;-2.531503471
9;10;-1.4894962095
0;11;0.852407661949
1;11;-1.7471177943
3;11;2.66659199963
4;11;-0.10177443225
5;11;0.441721065256
6;11;-1.62535755776
7;11;1.42660098239
8;11;2.28863087422
9;11;-2.07428214399
0;12;-2.20128006547
2;12;-1.29897329752
3;12;-0.823005373918
4;12;-0.117349172756
6;12;-3.33415881212
8;12;0.822775584692
9;12;2.36396909747
1;50;0.618553074188
50;12;-1.85937817299
12;12;0.416662704566
0;73;1.76382069579
1;89;1.93313906567
89;10;0.907790138385
2;124;-0.77402675831
124;11;-1.05275268486
5;151;2.04088542385
151;193;-0.435139505247
193;12;0.6027637871
73;199;1.26739455741
199;10;0.855071594335
0;395;0.700910614542
395;10;-0.000684478538976
5;398;3.48324226289
398;12;-0.0985902180421
193;11;1.6595957893
8;151;-3.64592438104
89;89;1.79369850495
11;398;0.885314305914
6;73;1.79535807653
7;398;0.0436605695059
151;1047;2.60943321945
1047;11;-3.31712035347
10;50;-1.79690163999
89;1475;1.07811965959
1475;193;1.60548772661
5;124;1.80413135628
3;1475;1.59190097054
1475;1475;2.44748576593
3;199;1.96407419097
151;1506;1.0
1506;12;-0.393961140412
7;70;1.0
70;12;-1.40870595823
0;1495;1.0
1495;151;0.182249781733
","{'t*p2/d': 811.794063999412, 'prof/dd': 1424.5999999989692, 'profit': 0.28491999999999973, 'confirmfactor': 0.0, 'trades': 2, 'winratio': 0.5, 'drawdown': 0.0002000000000001445, 'fitness': 0.0, 'p2/dd': 405.897031999706}"
8,12,112,616.5477190475722,22.629426018627328,">PROP
PAIR;AUDUSD
TF;240
VERS;0.0
>PREP
O;0.036300
H;0.034400
L;0.045800
C;0.036300
P;0.627450
>NEUR
0;0;0
1;1;1
2;1;2
3;1;3
4;1;4
5;1;5
6;1;6
7;1;7
8;1;8
9;1;9
10;2;1
11;2;2
12;2;3
47;3;0
50;3;0
83;3;0
86;3;0
114;3;0
127;3;0
175;3;0
181;3;0
286;3;0
574;3;0
585;3;0
1636;3;0
1641;3;0
1835;3;0
77;3;0
1901;3;0
1880;3;0
>LINK
0;10;3.1384179477
1;10;-1.12940805684
2;10;-1.67173235994
3;10;-1.4019438336
7;10;1.33832853066
8;10;-0.833069009025
9;10;1.55713592152
0;11;-0.757607920655
2;11;2.73255528646
3;11;1.538489559
4;11;1.78106446474
5;11;-0.868109567057
6;11;-0.649984467394
7;11;0.586283367739
8;11;-0.684290415701
9;11;-1.25013062897
0;12;1.08145108662
2;12;3.08667633217
3;12;0.830676706707
5;12;2.20613483009
6;12;2.24256757887
7;12;2.12086788272
9;12;-1.6205465886
1;50;1.67563950465
50;12;1.90832197317
11;11;-1.33857134514
4;83;0.703263136468
83;10;2.38487924621
5;86;-0.0116114711869
86;10;2.61329258355
114;11;0.23619542153
8;127;1.78400663975
127;12;3.01239211998
10;175;-0.78554128965
175;11;0.3928642115
4;181;1.23440400792
181;47;-0.0908742367794
5;286;-0.107601863718
286;10;3.19857674818
50;114;-3.10904739223
3;114;-2.30122323978
47;574;1.25679487474
585;12;-1.21447069421
8;114;-1.13254920098
2;175;-2.29856302322
127;1636;0.128927579744
1636;127;-0.198082305128
8;1641;0.353884312289
1641;585;-1.00800867506
181;585;1.98301536655
4;1835;0.686328652215
1835;47;0.724742313376
1636;1636;-0.171113500489
6;77;1.0
77;10;2.86837889785
1;1901;1.0
1901;114;0.0927561655458
574;1880;1.0
1880;12;1.95499265259
","{'t*p2/d': 1596.5500595236867, 'prof/dd': 616.5476190475722, 'profit': 0.25894999999999974, 'confirmfactor': 0.42612648984544554, 'trades': 10, 'winratio': 0.9, 'drawdown': 0.00042000000000003146, 'fitness': 262.7273153399579, 'p2/dd': 159.65500595236867}"
8,16,11,4.661521695668259,0.9617467455965102,">PROP
PAIR;AUDUSD
TF;240
VERS;0.0
>PREP
O;0.036300
H;0.034400
L;0.045800
C;0.036300
P;0.627450
>NEUR
0;0;0
1;1;1
2;1;2
3;1;3
4;1;4
5;1;5
6;1;6
7;1;7
8;1;8
9;1;9
10;2;1
11;2;2
12;2;3
73;3;0
83;3;0
92;3;0
105;3;0
124;3;0
145;3;0
157;3;0
609;3;0
612;3;0
50;3;0
>LINK
1;10;-1.82143030539
3;10;-2.25694937587
5;10;2.86623192715
6;10;0.734025561222
7;10;0.440993820104
8;10;1.83835815124
9;10;-1.72533455911
0;11;-3.74449336375
1;11;-2.03284491432
3;11;-1.91067560402
4;11;-3.63092033664
5;11;0.276533236033
6;11;-0.686905814846
8;11;1.27808220933
9;11;1.48660740621
0;12;-2.43865899776
3;12;-1.02813725645
4;12;-1.57558540348
5;12;5.06212951413
6;12;1.73427641063
7;12;-1.51891255527
8;12;1.68269841404
9;12;-1.94680117802
0;73;1.67053593783
73;10;-0.169584984045
4;83;1.67148015819
83;10;1.40942955971
7;92;-1.26924787512
92;11;-0.452018107083
2;105;1.16402002804
105;10;1.58012766249
10;12;-3.0324056245
2;124;0.106530868582
124;11;-1.0919527606
2;145;0.422515655442
145;12;0.933409175529
11;157;0.959967714363
157;11;2.04115870689
11;609;1.86829589719
609;612;-2.62939703119
612;83;-0.157276380188
612;612;-0.71910416218
0;609;-1.84384501773
105;105;0.117016581436
5;612;0.969476907931
609;12;0.547529269821
8;92;2.56643795406
609;11;-0.512709100524
7;609;-0.461467224636
609;145;2.45568646881
1;50;1.0
50;12;1.90409211232
","{'t*p2/d': 109.1627115383188, 'prof/dd': 4.661421695668259, 'profit': 0.25180999999999987, 'confirmfactor': 0.10543141608638601, 'trades': 93, 'winratio': 0.5053763440860215, 'drawdown': 0.05402000000000011, 'fitness': 0.49147083349171583, 'p2/dd': 1.1737925971862238}"
9,1,13,230.64824814814543,34.527518253434216,">PROP
PAIR;AUDUSD
TF;240
VERS;0.0
>PREP
O;0.036300
H;0.034400
L;0.045800
C;0.036300
P;0.627450
>NEUR
0;0;0
1;1;1
2;1;2
3;1;3
4;1;4
5;1;5
6;1;6
7;1;7
8;1;8
9;1;9
10;2;1
11;2;2
12;2;3
65;3;0
80;3;0
83;3;0
92;3;0
105;3;0
111;3;0
117;3;0
124;3;0
133;3;0
136;3;0
215;3;0
272;3;0
320;3;0
362;3;0
769;3;0
786;3;0
2012;3;0
1447;3;0
>LINK
0;10;4.51238247173
1;10;-0.359390171629
3;10;-4.3636866627
5;10;-0.896748085213
6;10;3.6109589304
7;10;3.13189847618
8;10;-5.46758924726
9;10;-2.45573597442
1;11;-1.03342428985
4;11;-1.5036579165
5;11;-1.23697955338
8;11;0.325164160233
9;11;-1.03053771736
0;12;1.44923489719
1;12;0.108769440603
2;12;0.268010977209
4;12;-2.28278733974
5;12;0.227550862908
7;12;-2.96678670779
8;12;-2.27434435067
9;65;0.53603451131
65;12;-3.1623226011
10;11;0.432803233486
0;80;1.31455838254
80;11;1.59354490185
83;10;3.0673378809
7;92;3.05811650309
92;11;0.0441223839464
2;105;0.94300172857
105;10;-4.41686135284
3;117;1.24201773744
117;11;0.187401151039
2;124;0.513121199469
124;11;-0.419499643244
6;133;1.38672721319
133;11;0.828566231128
3;136;2.09035191472
136;12;1.12848489978
2;111;-1.57869004628
7;215;2.05958462826
215;11;-3.12750060764
10;111;-2.32271809735
111;272;1.32343418303
272;12;0.46069671623
0;320;0.494599552646
320;11;0.0846603314417
4;362;0.561432370987
362;83;0.673564270414
0;117;-0.602938179591
4;769;1.68602327552
769;10;3.7802341728
6;786;0.820231365908
786;111;1.65379467914
133;12;3.11338320899
12;215;-0.513876498451
80;111;2.72998627174
111;320;2.25607670498
83;133;-1.41983096226
320;133;-2.76877516847
0;2012;0.862834298386
2012;11;0.173249260938
1;215;-0.500978532609
4;1447;1.0
1447;10;-0.573027686103
","{'t*p2/d': 229.81781481481184, 'prof/dd': 230.64814814814542, 'profit': 0.2490999999999997, 'confirmfactor': 0.0, 'trades': 4, 'winratio': 0.75, 'drawdown': 0.0010800000000000115, 'fitness': 0.0, 'p2/dd': 57.45445370370296}"
9,8,178,1634.500099999878,55.63142220808358,">PROP
PAIR;AUDUSD
TF;240
VERS;0.0
>PREP
O;0.036300
H;0.034400
L;0.045800
C;0.036300
P;0.627450
>NEUR
0;0;0
1;1;1
2;1;2
3;1;3
4;1;4
5;1;5
6;1;6
7;1;7
8;1;8
9;1;9
10;2;1
11;2;2
12;2;3
44;3;0
70;3;0
73;3;0
89;3;0
124;3;0
127;3;0
130;3;0
148;3;0
151;3;0
193;3;0
313;3;0
338;3;0
398;3;0
1047;3;0
1485;3;0
1495;3;0
1529;3;0
58;3;0
1478;3;0
86;3;0
2028;3;0
>LINK
2;10;-0.38562640949
3;10;-5.05532710536
4;10;0.357872315959
6;10;-1.26869066222
9;10;1.10055082164
0;11;2.45448731725
1;11;-2.35640298417
3;11;1.20493987314
4;11;2.33099521344
5;11;-3.85541847913
6;11;-3.26617786439
7;11;1.13468515754
8;11;3.57006843155
0;12;-2.03568747857
1;12;-2.94734349199
2;12;1.54162054825
3;12;-2.21797966772
4;12;-1.70007151573
6;12;-4.88424836621
9;12;0.389846082615
7;44;1.57513718452
44;10;-0.532045466379
12;12;1.98198291668
7;70;1.28587676065
70;12;-0.435366575436
0;73;1.745858518
73;10;1.50375350257
1;89;-2.33740924546
89;10;-0.122649304344
2;124;2.7201369661
124;11;2.4452775829
8;127;1.56121640262
8;130;1.43746356886
130;10;-1.59078934679
1;148;0.685848271943
148;10;0.0605626005723
5;151;2.19432371238
127;313;0.828729530976
313;12;1.02474075497
7;338;0.737528669427
338;12;-1.25579506178
398;12;-1.27886495872
193;11;1.04406206321
8;151;-2.27614895284
11;398;1.40076789486
6;73;1.85836756509
7;398;-1.93343307907
89;193;0.933843395115
151;1047;-1.48234286232
1047;11;0.771839094913
5;1485;1.02661249161
1485;398;2.08621972748
0;1495;0.714563346533
151;1529;0.181609474947
1529;193;0.653361902129
5;124;-0.0117493178283
1529;11;1.97984640072
89;313;-3.57534217309
7;1485;-1.59853209097
1495;313;-1.57969599364
1047;1047;-2.55570842383
44;44;-0.187856159242
9;58;1.0
58;11;-3.13386080052
193;1478;1.0
1478;12;1.52494004014
5;86;1.0
86;10;2.06448201854
1495;2028;1.0
2028;151;-3.40309725522
","{'t*p2/d': 1923.544979999857, 'prof/dd': 1634.4999999998781, 'profit': 0.2942100000000001, 'confirmfactor': 0.0, 'trades': 4, 'winratio': 0.5, 'drawdown': 0.00018000000000001348, 'fitness': 0.0, 'p2/dd': 480.8862449999643}"
9,12,105,1706.0000999995564,39.30601343847648,">PROP
PAIR;AUDUSD
TF;240
VERS;0.0
>PREP
O;0.036300
H;0.034400
L;0.045800
C;0.036300
P;0.627450
>NEUR
0;0;0
1;1;1
2;1;2
3;1;3
4;1;4
5;1;5
6;1;6
7;1;7
8;1;8
9;1;9
10;2;1
11;2;2
12;2;3
47;3;0
50;3;0
83;3;0
86;3;0
114;3;0
127;3;0
175;3;0
181;3;0
286;3;0
574;3;0
585;3;0
1814;3;0
1817;3;0
776;3;0
124;3;0
>LINK
0;10;4.42785208289
1;10;-1.40316345994
2;10;-2.318693298
3;10;-3.79504626813
4;10;1.22788548447
6;10;1.79691996232
7;10;1.33290085614
8;10;0.150231283861
9;10;0.653516486725
0;11;-0.992883652777
3;11;1.09735348494
4;11;1.27952062097
5;11;-0.68496396763
6;11;0.855187863985
7;11;0.595584766438
8;11;3.60671800564
9;11;-0.716437688878
0;12;-0.957665247166
2;12;2.89955714057
3;12;0.0942269746192
5;12;4.70060011025
6;12;1.8583944293
7;12;2.34099152279
9;12;-0.174188709706
1;50;1.43158809153
50;12;1.80544143235
4;83;1.46949466773
83;10;1.11057617395
5;86;1.34490400361
86;10;3.26480224854
1;114;0.514222578169
114;11;0.154437582727
8;127;1.30527530898
127;12;0.0231859500032
10;175;-0.115777213184
175;11;-1.70990492579
4;181;1.4288919025
181;47;-1.57609074731
127;127;-0.518221595899
5;286;-0.812130620139
286;10;1.1540203757
50;114;-1.97934368232
3;114;-1.1420618228
47;574;1.65162810184
574;12;3.24225178072
8;585;0.846689606574
585;12;0.174667928655
585;181;-1.01572728011
175;12;1.36032858882
50;286;-0.0485921923717
181;585;-1.64809879063
286;12;-0.468294032061
2;1814;1.30291429983
1814;175;-2.66821945942
5;1817;0.877225429541
1817;10;3.06752663323
12;12;-2.78160122864
10;776;0.442749182003
776;11;-2.45901886312
7;286;-2.75071380498
2;124;1.0
124;11;2.1323471812
","{'t*p2/d': 2619.3923999993185, 'prof/dd': 1705.9999999995564, 'profit': 0.25589999999999996, 'confirmfactor': 0.0, 'trades': 6, 'winratio': 0.8333333333333334, 'drawdown': 0.000150000000000039, 'fitness': 0.0, 'p2/dd': 436.5653999998864}"
9,16,4,0.3921882198494544,0.0980470549623636,">PROP
PAIR;AUDUSD
TF;240
VERS;0.0
>PREP
O;0.036300
H;0.034400
L;0.045800
C;0.036300
P;0.627450
>NEUR
0;0;0
1;1;1
2;1;2
3;1;3
4;1;4
5;1;5
6;1;6
7;1;7
8;1;8
9;1;9
10;2;1
11;2;2
12;2;3
73;3;0
83;3;0
89;3;0
92;3;0
105;3;0
124;3;0
609;3;0
612;3;0
1952;3;0
2331;3;0
515;3;0
>LINK
3;10;-3.03938090649
5;10;3.24120823765
6;10;-1.62826074784
7;10;0.768060697308
8;10;1.31089480568
9;10;-2.35679056019
0;11;-1.5656783808
1;11;-1.23438985993
3;11;-1.11534129884
4;11;-2.65687413473
5;11;0.739999135412
6;11;-1.24083347599
8;11;1.50875648627
9;11;0.916289733481
0;12;0.742362270092
1;12;1.48889915861
2;12;-0.772908353311
3;12;0.448101487891
4;12;-2.04734446375
5;12;4.70992809425
6;12;3.15349686894
7;12;-0.304752238323
8;12;1.51157734316
9;12;-1.81823591672
0;73;0.0738714949209
73;10;0.9055631902
11;11;0.636426689674
4;83;0.17714299778
83;10;1.05446641939
1;89;0.504024536057
89;10;-0.833534453377
7;92;-0.00159540737317
92;11;-1.49061904106
2;105;1.33685037388
10;12;-2.2229816015
2;124;-0.484995601688
124;11;-0.649615246991
92;92;-1.21659594917
11;609;-0.331786017742
609;612;-1.92622625916
612;83;1.93810115706
612;612;-0.622585821411
0;609;-2.02283023286
5;612;1.84940767442
609;12;0.525528644072
8;92;2.09443214824
609;11;-0.683308655225
11;1952;1.05241889396
8;1952;0.683873695621
609;92;-3.0793047236
1952;2331;1.62677223501
2331;83;1.07073796464
73;73;-1.69938101772
1;612;-2.85094624181
105;515;1.0
515;10;0.591739962817
","{'t*p2/d': 32.67192718361438, 'prof/dd': 0.3920882198494544, 'profit': 0.13439999999999602, 'confirmfactor': -2.1942658028286015, 'trades': 620, 'winratio': 0.5806451612903226, 'drawdown': 0.3427800000000001, 'fitness': 0.0, 'p2/dd': 0.05269665674776512}"
10,1,75,682.1112111109553,11.894440555286515,">PROP
PAIR;AUDUSD
TF;240
VERS;0.0
>PREP
O;0.036300
H;0.034400
L;0.045800
C;0.036300
P;0.627450
>NEUR
0;0;0
1;1;1
2;1;2
3;1;3
4;1;4
5;1;5
6;1;6
7;1;7
8;1;8
9;1;9
10;2;1
11;2;2
12;2;3
58;3;0
65;3;0
77;3;0
80;3;0
83;3;0
92;3;0
111;3;0
117;3;0
133;3;0
136;3;0
215;3;0
600;3;0
769;3;0
786;3;0
1184;3;0
1458;3;0
789;3;0
>LINK
0;10;5.04879934167
1;10;-1.24644592203
2;10;-3.58600609038
3;10;-1.04986511845
5;10;-1.99805634991
7;10;3.81507997708
8;10;-5.02750591789
9;10;-2.4291599141
1;11;-1.13965378396
2;11;-1.3700109684
4;11;0.156790574357
5;11;-0.104748739694
8;11;-1.30705775323
0;12;0.678220231724
1;12;-0.435163050966
2;12;1.17591367692
4;12;1.71163944624
5;12;-1.19009507951
7;12;2.44892434029
8;12;-2.65839700275
9;58;0.510636117154
58;11;-1.16592237901
9;65;-1.57302345517
65;12;-3.99024945315
6;77;1.46255660118
77;10;2.09339742168
0;80;0.813647388305
80;11;0.874441671966
4;83;2.62963886566
83;10;2.34965377988
7;92;2.75648281534
92;11;-2.2338432482
111;12;2.52996751294
3;117;-1.55386306173
117;11;-0.910111414013
6;133;-1.65069736922
133;11;1.88727250098
3;136;1.16978832344
2;111;-1.56671385497
7;215;0.330642685083
10;111;-2.28013120397
80;80;0.465396942314
136;600;2.10709145049
600;12;3.35820216883
1;92;0.840358897179
9;83;2.26982168403
4;769;0.885106592034
769;10;5.4028272625
6;786;-0.235473032358
12;215;-0.449929541097
80;10;1.25444523781
80;111;2.21136339921
133;1184;-0.982122255589
1184;12;2.40443828214
215;1458;0.49979946606
1458;11;-4.18595655949
92;133;0.522088656262
80;133;-2.93819291559
6;1458;1.71780511151
786;789;1.0
789;111;1.96000409855
","{'t*p2/d': 1004.9952266664378, 'prof/dd': 682.1111111109553, 'profit': 0.24556000000000017, 'confirmfactor': 0.011812591627303005, 'trades': 6, 'winratio': 0.8333333333333334, 'drawdown': 0.0003600000000000825, 'fitness': 8.057501181258784, 'p2/dd': 167.4992044444063}"
10,8,132,953.8400999998928,41.626556542605144,">PROP
PAIR;AUDUSD
TF;240
VERS;0.0
>PREP
O;0.036300
H;0.034400
L;0.045800
C;0.036300
P;0.627450
>NEUR
0;0;0
1;1;1
2;1;2
3;1;3
4;1;4
5;1;5
6;1;6
7;1;7
8;1;8
9;1;9
10;2;1
11;2;2
12;2;3
44;3;0
70;3;0
73;3;0
86;3;0
89;3;0
95;3;0
124;3;0
151;3;0
193;3;0
398;3;0
477;3;0
1047;3;0
1489;3;0
1541;3;0
1555;3;0
1607;3;0
3035;3;0
2541;3;0
>LINK
2;10;1.12603325783
3;10;-4.97001423618
4;10;1.29230585743
6;10;0.109682831159
8;10;-1.12610591996
9;10;3.45671238008
0;11;-0.0390287471369
1;11;0.573158971635
3;11;-2.73892634266
4;11;-1.74322258443
6;11;-1.97575351262
7;11;-3.14280489096
8;11;3.24733745615
9;11;-2.23285582462
0;12;1.94510629459
1;12;-1.21192163675
2;12;1.70411587907
3;12;-1.25599836192
4;12;1.86718556218
6;12;-3.10971324607
8;12;0.56699111508
9;12;-1.60748835414
7;44;1.07025009294
44;10;1.65994068646
12;12;2.2963886891
10;11;0.208077615672
7;70;-0.550791042096
70;12;1.91443514617
0;73;2.97815043917
73;10;-1.28977971337
5;86;2.14046714179
86;10;1.5561869672
1;89;1.31308823018
89;10;1.15122286773
5;95;0.00424233340554
95;11;-6.01626794529
2;124;0.198741144542
124;11;2.40909036493
151;193;-0.989780183883
193;12;1.69329299354
8;124;0.373181045619
5;398;3.76793820134
398;12;0.438849554725
5;477;0.0709939252362
477;151;-0.601214377785
0;151;0.632884470876
193;11;0.788064766336
8;151;-1.53708167912
11;398;1.85720518889
89;193;-3.44259425162
1047;11;-1.92646092655
1;73;-1.84485111611
7;1489;0.440223913766
1047;12;-2.02220327366
151;1541;-0.340743583004
1541;1047;1.58284562967
6;1555;0.115730696694
1555;73;2.7589502177
4;1607;1.85673303977
1607;73;0.925139588545
8;86;-1.7617997153
151;1607;1.13602883959
1555;1555;-1.86141069654
89;11;0.275704309539
7;3035;1.0
3035;398;-0.470800072704
1489;2541;1.0
2541;398;-1.79091551309
","{'t*p2/d': 909.8107455998974, 'prof/dd': 953.8399999998928, 'profit': 0.2384599999999999, 'confirmfactor': 0.0, 'trades': 4, 'winratio': 0.75, 'drawdown': 0.000250000000000028, 'fitness': 0.0, 'p2/dd': 227.45268639997434}"
10,12,93,512.2425242422559,17.644131849481376,">PROP
PAIR;AUDUSD
TF;240
VERS;0.0
>PREP
O;0.036300
H;0.034400
L;0.045800
C;0.036300
P;0.627450
>NEUR
0;0;0
1;1;1
2;1;2
3;1;3
4;1;4
5;1;5
6;1;6
7;1;7
8;1;8
9;1;9
10;2;1
11;2;2
12;2;3
47;3;0
50;3;0
83;3;0
86;3;0
114;3;0
127;3;0
151;3;0
175;3;0
181;3;0
286;3;0
574;3;0
585;3;0
885;3;0
1636;3;0
1645;3;0
1821;3;0
2286;3;0
2622;3;0
>LINK
0;10;2.71397044805
1;10;-0.322231585829
2;10;-1.83328191576
3;10;-1.92263203329
6;10;2.52696131298
7;10;-0.230489546745
8;10;-2.33281561236
9;10;0.201405804015
0;11;0.931728272831
2;11;2.88838297444
3;11;1.51322728157
4;11;0.326274075474
5;11;-1.09769049619
6;11;-0.85209566856
7;11;-0.24568003654
8;11;-0.166011916516
9;11;-2.7471587585
0;12;0.480692398519
2;12;2.7789256177
3;12;-0.26450814575
6;12;-0.297563834946
7;12;-0.921929867015
9;12;1.55016734314
1;50;3.0102518285
50;12;0.209048058926
4;83;1.20279155889
83;10;1.98311966816
5;86;0.17129303018
86;10;3.4895049942
1;114;1.04509548654
8;127;0.385080239994
127;12;1.02223401503
5;151;1.13593117122
151;12;2.24112508434
10;175;1.82901925457
175;11;0.87226667229
4;181;2.5265478472
181;47;1.95650216803
5;286;0.57318400589
50;114;-2.64394532913
3;114;-3.1959053717
47;574;0.580870832632
574;12;1.94838833365
8;585;-1.85098733349
8;114;-2.58217233104
2;175;0.986281623035
114;885;0.431345051724
885;11;-0.210715794294
127;1636;2.72765767995
1636;127;-0.157673665175
175;175;4.3322508824
585;1645;0.661522387603
1645;12;0.947081340217
286;1821;0.408176679699
1821;10;2.11482818698
3;2286;1.0
2286;47;0.581305008815
83;175;1.42088050859
127;286;2.57377753669
47;2622;1.0
2622;12;3.08444519195
","{'t*p2/d': 173.1789187878216, 'prof/dd': 512.2424242422559, 'profit': 0.16903999999999975, 'confirmfactor': 0.0, 'trades': 2, 'winratio': 0.5, 'drawdown': 0.000330000000000108, 'fitness': 0.0, 'p2/dd': 86.5894593939108}"
11,1,50,16.753311991434785,1.4249060701770084,">PROP
PAIR;AUDUSD
TF;240
VERS;0.0
>PREP
O;0.036300
H;0.034400
L;0.045800
C;0.036300
P;0.627450
>NEUR
0;0;0
1;1;1
2;1;2
3;1;3
4;1;4
5;1;5
6;1;6
7;1;7
8;1;8
9;1;9
10;2;1
11;2;2
12;2;3
50;3;0
65;3;0
80;3;0
83;3;0
92;3;0
111;3;0
117;3;0
127;3;0
130;3;0
133;3;0
136;3;0
145;3;0
215;3;0
272;3;0
769;3;0
786;3;0
1175;3;0
1184;3;0
1458;3;0
502;3;0
>LINK
0;10;3.90622372697
1;10;-1.67075707316
2;10;-0.732983238718
3;10;-4.00305960255
5;10;-2.73014227802
6;10;4.81843379152
7;10;2.23508675818
9;10;-3.92247819552
1;11;-2.3381780458
2;11;-2.60152803508
4;11;-0.597640584904
5;11;1.81349314708
8;11;-3.13162369269
9;11;-1.81998269766
0;12;1.32437904296
4;12;4.23440321033
5;12;1.61928440809
7;12;0.778545798914
1;50;0.621731688633
50;12;-1.85398657
9;65;0.431815649102
65;12;-1.8696647465
0;80;2.20837657155
80;11;1.98139562442
4;83;2.26025991935
83;10;2.97170622294
7;92;2.5928543428
92;11;-1.58666332923
3;117;1.12920972537
117;11;0.541193901263
8;127;2.21400243674
127;12;-0.985899370326
8;130;1.30136269383
130;10;-3.90182988396
133;11;2.35228299365
3;136;0.474753009282
136;12;-0.878137834507
2;145;-0.94531700185
145;12;0.852305986775
7;215;0.41886592161
10;111;-1.20869304469
111;272;1.53465819023
272;12;2.38954397688
3;83;-0.179978850976
4;769;1.01243487752
769;10;3.94532892928
6;786;-0.883079080152
786;111;1.48251566068
12;215;0.563052963624
80;111;0.979137822453
2;1175;0.37960134696
1175;111;0.383246892963
133;1184;1.45181463493
1184;12;3.13885245607
786;215;1.13023227569
215;1458;2.69220807977
1458;11;-3.12498191143
3;769;-1.52676728689
117;133;1.64516469829
136;65;1.96467030489
769;80;-2.52143544991
133;272;-1.64689493049
215;50;1.17648501846
6;502;1.0
502;133;-0.551022260294
","{'t*p2/d': 230.68837847965835, 'prof/dd': 16.753211991434785, 'profit': 0.3129499999999995, 'confirmfactor': 0.9630888374672003, 'trades': 44, 'winratio': 0.6136363636363636, 'drawdown': 0.018679999999999863, 'fitness': 16.134927769556235, 'p2/dd': 5.242917692719508}"
11,8,177,1478862021638406.8,8355152664736.272,">PROP
PAIR;AUDUSD
TF;240
VERS;0.0
>PREP
O;0.036300
H;0.034400
L;0.045800
C;0.036300
P;0.627450
>NEUR
0;0;0
1;1;1
2;1;2
3;1;3
4;1;4
5;1;5
6;1;6
7;1;7
8;1;8
9;1;9
10;2;1
11;2;2
12;2;3
65;3;0
73;3;0
89;3;0
121;3;0
124;3;0
148;3;0
151;3;0
193;3;0
199;3;0
398;3;0
1047;3;0
1092;3;0
1489;3;0
1529;3;0
2513;3;0
1492;3;0
477;3;0
>LINK
2;10;-0.209866274751
3;10;-5.57763852292
4;10;0.899293480965
5;10;1.0511294541
6;10;0.976973084508
7;10;3.15155581032
8;10;-1.47323862672
9;10;3.35425873962
0;11;0.873935713411
1;11;-1.88584897172
3;11;3.48214533073
4;11;-0.286406825686
5;11;2.33243386049
6;11;-0.876645870327
7;11;-2.38505835506
8;11;3.56828036263
9;11;-0.569639137023
0;12;1.95021072485
1;12;-1.0060251649
2;12;-1.36547036846
3;12;-1.03180606965
4;12;-1.07289946404
6;12;-1.54139700149
7;12;0.0310981729929
8;12;1.05444233216
9;65;-1.00116838226
65;12;1.28776989427
0;73;1.18284238827
1;89;0.0395749322955
89;10;-1.77647609718
12;121;1.04107024669
121;12;2.94515044134
2;124;2.45349277231
124;11;2.31971043109
1;148;0.436347270414
193;12;2.54886296157
73;199;1.63260648907
199;10;0.595967943245
73;73;0.820802390842
8;73;-0.460128450911
5;398;1.69213039017
0;151;-0.37002892081
193;11;0.121359671581
8;151;-3.3097101468
1;151;0.618838595794
11;398;2.44792985657
65;10;-0.189031591017
6;73;1.482183677
89;193;-0.75110380796
151;1047;-0.113408810297
1047;11;-1.82121398075
9;1092;0.0495396030112
1092;12;1.66852288886
7;1489;0.0213440446386
1489;398;1.43378302081
1047;1047;-2.14429219956
10;193;-2.86641614329
151;1529;0.265281492775
1529;193;-1.79167780216
1047;10;-0.557246588211
148;2513;1.393782894
2513;10;1.1766163488
10;73;1.56191370434
398;1492;1.0
1492;12;-2.90600421233
5;477;1.0
477;151;2.06492324702
","{'t*p2/d': 1456856554756426.2, 'prof/dd': 1478862021638406.8, 'profit': 0.24627999999999983, 'confirmfactor': 0.0, 'trades': 4, 'winratio': 0.75, 'drawdown': 1.6653345369377348e-16, 'fitness': 0.0, 'p2/dd': 364214138689106.56}"
11,12,73,1663.333433332901,34.67977984015821,">PROP
PAIR;AUDUSD
TF;240
VERS;0.0
>PREP
O;0.036300
H;0.034400
L;0.045800
C;0.036300
P;0.627450
>NEUR
0;0;0
1;1;1
2;1;2
3;1;3
4;1;4
5;1;5
6;1;6
7;1;7
8;1;8
9;1;9
10;2;1
11;2;2
12;2;3
47;3;0
50;3;0
70;3;0
83;3;0
86;3;0
95;3;0
102;3;0
105;3;0
114;3;0
127;3;0
136;3;0
175;3;0
181;3;0
286;3;0
574;3;0
585;3;0
773;3;0
2189;3;0
77;3;0
>LINK
0;10;1.65521803476
1;10;-0.550900600574
4;10;2.65450907571
7;10;2.62582873543
8;10;-1.48625429869
9;10;-0.674768903221
0;11;-0.0594515730934
2;11;1.73128126084
3;11;0.649371448159
4;11;-0.93941413828
6;11;1.87731961723
7;11;1.14364092482
8;11;0.131781410264
9;11;-0.712105637906
0;12;-1.0336974015
2;12;1.62230728367
5;12;1.9000461633
6;12;1.31296024617
9;12;-1.28457726539
1;50;2.39509108171
50;12;0.842441160803
7;70;1.21599544589
70;12;1.15600375906
4;83;0.471758678364
83;10;2.49985634687
5;86;0.436277165276
86;10;2.87859796896
5;95;1.0
95;11;-1.39499749375
3;102;1.68967437023
102;10;-3.07302365389
2;105;1.93184773161
105;10;-2.72964232544
1;114;-0.0588350123522
114;11;-1.70344627981
8;127;-1.22246809787
127;12;0.862971167523
3;136;0.513705895812
136;12;-1.07214596681
10;175;0.575752556472
175;11;-0.994993481853
181;47;0.123934508988
127;127;-0.278773948557
70;70;-2.37576917571
5;286;1.00265524462
286;10;1.18153758056
50;114;-2.18073021755
3;114;-2.34675472443
47;574;3.25277225821
574;12;2.26912525005
8;585;-1.68477864748
585;12;0.914399855325
4;773;-0.323005270348
773;181;-0.486012252474
2;175;-3.8619572227
175;12;2.67753227908
50;286;1.56404779371
7;175;-0.24418475878
585;2189;0.113567820757
2189;181;1.10186247814
70;2189;2.52303042232
574;114;1.97134669161
773;11;-2.84201528848
127;136;-2.71121313978
105;105;-1.38985801338
6;2189;2.11159162903
6;77;1.0
77;10;3.24375232215
","{'t*p2/d': 2490.0099999993527, 'prof/dd': 1663.333333332901, 'profit': 0.2495, 'confirmfactor': 0.0, 'trades': 6, 'winratio': 0.8333333333333334, 'drawdown': 0.000150000000000039, 'fitness': 0.0, 'p2/dd': 415.0016666665588}"
